strategy,single_side_cost_bps,rebalance_index,rebalance_date,total_value,cash,turnover,cumulative_costs,holdings_json,holdings_sha256
us_candidate_A,0,1,2021-06-30,1000000,1000000,0,0,{},44136fa355b3678a1146ad16f7e8649e94fb4fc21fe77e8310c060f61caaff8a
us_candidate_A,0,2,2021-12-31,1107056.7616944157,0,0.33930604051032698,0,"{""ACGL"":""428.00890258517381"",""ACI"":""847.74499830451009"",""ALSN"":""698.98786557065364"",""AMKR"":""704.12617941135056"",""BJ"":""350.28723553313722"",""BOKF"":""192.45573518090842"",""CBOE"":""139.99720005599889"",""CBSH"":""223.53361945636624"",""CNC"":""228.52964029434617"",""COKE"":""41.44596689296165"",""CSX"":""865.89082848434475"",""DKS"":""443.60160140178107"",""DTE"":""128.6008230452675"",""ELV"":""72.754787265002037"",""EVR"":""118.39643863512586"",""EXP"":""117.28004128257453"",""FAF"":""445.51367726989218"",""FNF"":""639.15733496957614"",""FRHC"":""255.81990278843693"",""GL"":""174.97812773403325"",""GM"":""469.45711978667867"",""HOLX"":""249.80015987210234"",""HRB"":""709.82396365701311"",""IBM"":""189.49299254913552"",""LAZ"":""368.32412523020258"",""LOPE"":""308.74489027206602"",""LPX"":""276.44164316912702"",""MO"":""349.55257270693517"",""MOH"":""109.76755622294229"",""MUSA"":""208.27605741754351"",""OMC"":""347.2656304260255"",""PAG"":""367.966323722053"",""PB"":""232.12627669452183"",""PEG"":""278.98672023211697"",""PGR"":""169.70437497878697"",""PHM"":""509.0301956712072"",""PRI"":""108.83287623525317"",""SGI"":""425.27855745513318"",""URI"":""87.074943662511458"",""V"":""118.79983653142493"",""VIRT"":""603.20907226444695"",""VRTX"":""82.659657127742236"",""VZ"":""495.76615701905723"",""WSM"":""278.38674879075757"",""WTM"":""14.51762294248989"",""WY"":""484.21460391245404""}",199033131d5ff5c5910be85693e3d89e3c1cc2a9e1f93430e95b18504f2c9f21
us_candidate_A,0,3,2022-06-30,979968.70642105793,0,0.53212047593997602,0,"{""ACGL"":""415.09439883555143"",""ACI"":""611.16084889831939"",""ALSN"":""1171.3646827789817"",""BJ"":""275.51061711572737"",""CMS"":""283.64252157171808"",""COKE"":""29.798520693551673"",""DKS"":""370.28529627807626"",""DTE"":""154.34955687000385"",""EBAY"":""277.45783501113175"",""EVR"":""135.81852063481975"",""EXP"":""110.8431216402755"",""FAF"":""544.28104587774487"",""FDX"":""71.338331380452601"",""FNF"":""816.00433535868126"",""GL"":""196.87309035681031"",""HOLX"":""240.99981750575054"",""HPE"":""1170.0029187216398"",""HRB"":""783.14711495077518"",""IBM"":""318.56281773915896"",""KEY"":""797.70627013576575"",""LAD"":""62.134857815255977"",""LAZ"":""422.89585212560763"",""LITE"":""174.4440392194409"",""LOPE"":""496.78107827576702"",""LPX"":""235.49388676758471"",""MOH"":""191.8701340771386"",""MUSA"":""213.70762005127477"",""OMC"":""581.12605730880296"",""PAG"":""397.1190656502144"",""PB"":""255.19980675297734"",""PGR"":""179.74618634427921"",""PRI"":""120.38197969752893"",""REGN"":""29.216724772359168"",""SFM"":""2056.2686067134855"",""SGI"":""392.32290087689262"",""TOL"":""254.8825256007772"",""V"":""196.479655848904"",""VIRT"":""639.99119071246139"",""VZ"":""819.45931907267106"",""WSM"":""109.09327752758388"",""WY"":""448.05599874308552""}",39c5e21f91639190abbb61a39ee7350e6de4a6dde04f5449b9b52f9d782540dc
us_candidate_A,0,4,2022-12-30,1132771.0205161152,0,0.42388512535050643,0,"{""ABBV"":""106.63888596033102"",""ACI"":""654.91920606625456"",""ALLY"":""487.40112723617727"",""ALSN"":""455.12200744058049"",""AN"":""146.14183763139135"",""AXP"":""117.82435271738781"",""BLDR"":""630.02333258425733"",""BYD"":""328.29772409415676"",""CE"":""148.79211959944155"",""CF"":""190.51454302676191"",""CLF"":""1062.6422754511582"",""CNH"":""1409.2158562281536"",""COF"":""156.75987881451482"",""COP"":""181.85961222229483"",""CROX"":""359.55293170516376"",""DKS"":""232.18045888404296"",""DVA"":""218.85244104665233"",""ETSY"":""223.09536639372081"",""FAF"":""330.67727109014209"",""FCX"":""558.19589110335949"",""FNF"":""473.4697290608853"",""GM"":""550.9899617786624"",""HOG"":""515.8816100342483"",""HRB"":""462.42388940216023"",""HUN"":""617.26423936826518"",""LAD"":""63.678327521161236"",""LOPE"":""185.78873751024867"",""LPX"":""311.63540877092731"",""M"":""891.5290269478329"",""MOH"":""62.585176446086763"",""MRNA"":""114.3353991857494"",""MUSA"":""75.14682520758501"",""NLY"":""2763.5891326030965"",""NRG"":""886.35716425922499"",""NUE"":""156.42957354357151"",""NVR"":""4.3703369977299298"",""OLN"":""352.9129596733859"",""PAG"":""167.15484942296609"",""PFE"":""645.28424489366057"",""PRU"":""170.70246418984425"",""REGN"":""57.233185525645155"",""RH"":""82.443424036984453"",""RITM"":""1752.447615202178"",""SAIC"":""187.96392251439659"",""SFM"":""691.1311684869795"",""SGI"":""818.87885756154981"",""SYF"":""591.34003525287108"",""THC"":""332.94218390582802"",""V"":""88.879278714461478"",""WEC"":""162.28946515982014"",""WHR"":""112.99439004384529"",""WMB"":""523.31982613535081"",""WSM"":""157.72366999630754"",""WY"":""493.14045210399462""}",5852698093111bc20872016522003350bb3bd737f7079affa299a62b06509442
us_candidate_A,0,5,2023-06-30,1323263.2116062143,0,0.61885019733718793,0,"{""ABBV"":""116.82146530908928"",""ACI"":""1517.1582295565672"",""ALLY"":""772.16838480989452"",""ALSN"":""756.39090579334618"",""AN"":""175.95076429265538"",""AXP"":""127.78014895838864"",""BLDR"":""775.97686019736625"",""BX"":""254.47522588761183"",""BYD"":""346.22257488725324"",""CE"":""307.76468780323944"",""CF"":""221.59057521833239"",""CLF"":""1171.9129117692069"",""COP"":""159.99590685255865"",""DBX"":""843.58878501349068"",""DOW"":""374.66793031557688"",""DVA"":""421.39897791620729"",""EXPD"":""302.78927714591225"",""FAF"":""601.18191977461208"",""FCX"":""496.82939496320841"",""FNF"":""836.41312283368427"",""GM"":""935.37044236038048"",""GS"":""54.981411289539054"",""HOLX"":""420.61036868070045"",""HUM"":""61.433963335877692"",""HUN"":""1145.0459127002621"",""INTC"":""1190.5358184261522"",""LPX"":""318.91076028043784"",""M"":""914.26232487176378"",""MKSI"":""222.81974517410504"",""MRNA"":""105.10810048213963"",""MUSA"":""112.56300236461043"",""NLY"":""895.61276131887678"",""NUE"":""143.23281244671816"",""NVR"":""6.8217487135189421"",""OLN"":""356.62102396301327"",""OMF"":""566.78225783854452"",""ON"":""302.70189207314286"",""PAG"":""273.78283895417383"",""PVH"":""267.45313796007821"",""RITM"":""2310.8343951777138"",""ST"":""467.54623597330163"",""SYF"":""574.54403556305294"",""V"":""242.32469527149175"",""WEC"":""201.36003635454267"",""WSM"":""273.80666273062303"",""WY"":""609.01667769683615""}",19e29d96901fd5668b0e365617b8f31c2f0ceedca64840626cd65f237e59dcb3
us_candidate_A,0,6,2023-12-29,1413633.530278703,0,0.43116025039772554,0,"{""AAL"":""1229.3415195152493"",""AEE"":""270.04269450353337"",""ALSN"":""781.2393503401903"",""AMG"":""147.13714630798302"",""AMGN"":""99.335135844084192"",""AMP"":""66.396877589425486"",""BJ"":""350.01407491038839"",""BKNG"":""8.1672932049429416"",""BLDR"":""486.49382779640234"",""CF"":""317.69499942528915"",""CHRW"":""467.50157626080704"",""CROX"":""392.2872084685801"",""CSL"":""85.971959849154388"",""DAL"":""463.91221834462709"",""DINO"":""494.38213091467321"",""DOW"":""414.08912617543319"",""DVA"":""439.02432288451422"",""ELV"":""99.279240406507327"",""EQH"":""812.01718925270882"",""EXPD"":""364.14409081323493"",""GM"":""1143.8997334078615"",""GPK"":""917.78555389527969"",""HBAN"":""2045.8614898055264"",""HOLX"":""544.75452291227793"",""HUM"":""98.64865636438428"",""LAZ"":""689.19958937823662"",""LEN"":""351.99723661485228"",""LNG"":""144.75181714428703"",""MOS"":""630.12533886010203"",""MUSA"":""70.889353798025041"",""NI"":""806.37611919939934"",""NVR"":""6.945585426337451"",""PFE"":""601.26463631689126"",""PFG"":""290.80151450558503"",""PK"":""1720.3109875275798"",""SYY"":""297.22893342457644"",""UAL"":""401.93888937677372"",""V"":""278.60519024890817"",""VLO"":""188.01693827880283"",""WMB"":""675.89294698447964"",""WSM"":""352.47541729428752"",""WTM"":""15.878917179733438"",""WU"":""3760.3387655760566""}",9204ca22a83d69d31e894b6867ec19d5e0f654eb98082cd7c7dca291481d2635
us_candidate_A,0,7,2024-06-28,1553126.3001304485,0,0.61705221826919998,0,"{""AAL"":""1714.7422735064326"",""ALSN"":""1215.5060449515931"",""AMG"":""155.59740350005538"",""AMP"":""62.029220540711329"",""BKNG"":""6.6419784614369517"",""BLDR"":""282.26379343450799"",""CF"":""296.35923066639475"",""CHRW"":""545.4464368093154"",""CNM"":""583.03783315957401"",""CROX"":""504.4547444166231"",""CSL"":""75.410680273912178"",""CTRA"":""923.21939020291472"",""DAL"":""585.64650355402398"",""DINO"":""423.97982432928529"",""DOW"":""429.62361119581294"",""DVA"":""449.80066510077091"",""EEFT"":""232.14660398047477"",""EPR"":""486.28604412752082"",""EQH"":""707.52428942878032"",""EXPE"":""155.21812265615907"",""GM"":""1311.8351246090413"",""GPK"":""955.80360397478239"",""HBAN"":""1852.2451916649673"",""HRB"":""974.18064246344352"",""KNSL"":""70.34892609351283"",""LEN"":""316.16423561431003"",""MCHP"":""261.26146416032805"",""MOH"":""195.62612857085367"",""MOS"":""659.40550903941744"",""MUSA"":""66.077403068146694"",""PFE"":""818.35911212151393"",""PFG"":""299.48593921416528"",""PHM"":""456.51150625805815"",""RITM"":""2206.0448350167026"",""SNX"":""218.94395351713024"",""SON"":""421.70321886483595"",""SSB"":""278.98826332715669"",""THC"":""623.54264491142999"",""TOL"":""458.42122459341141"",""UAL"":""571.02663204019348"",""V"":""180.99142568064818"",""VZ"":""1249.8970205824073"",""WU"":""3953.1138989896613""}",61584a5344fe5a41adeafd474a60981ba1a38e46cfd0ee594d652defb2f581b3
us_candidate_A,0,8,2024-12-31,1611979.378895123,0,0.39613031763841527,0,"{""ACGL"":""256.5709023243877"",""ADM"":""475.79153268095718"",""AGCO"":""293.84550623788175"",""ALSN"":""378.94068709570303"",""AM"":""3707.3973192721396"",""APO"":""219.2380650081094"",""ARW"":""238.17156467840229"",""AXP"":""111.79200317645206"",""BG"":""269.37902173423117"",""BYD"":""991.77924657116762"",""CCL"":""1382.7691418540319"",""CE"":""213.22261213258111"",""CF"":""388.04098961904833"",""CNH"":""2839.249570638091"",""CNM"":""587.6910124757635"",""CPAY"":""97.163914025402477"",""CPNG"":""1235.5817821244618"",""CROX"":""197.07823866358683"",""CVNA"":""201.09880621121408"",""DAL"":""545.6458333791627"",""EEFT"":""250.100853483164"",""EOG"":""434.15457603933692"",""EXPE"":""205.45629284472955"",""F"":""2064.2295323371195"",""FRHC"":""343.30820073617338"",""GL"":""314.60182712089784"",""GM"":""619.06151852268317"",""HALO"":""494.3742997614109"",""HOG"":""857.53125076219033"",""KNSL"":""67.186042191412682"",""KO"":""406.6840272664175"",""LEA"":""226.64773956315102"",""MGM"":""647.20067845553251"",""MIDD"":""234.57791493812792"",""MPC"":""315.00482180119519"",""MTB"":""171.01901648723225"",""NEU"":""55.786019649250072"",""NUE"":""181.94330813868839"",""OLN"":""610.00208166625373"",""PEG"":""351.22711445736059"",""RNR"":""115.81333423787515"",""TGT"":""174.8543524419581"",""THC"":""216.20384988772355"",""TOL"":""249.71000304361749"",""V"":""109.58051644212237"",""VICI"":""903.8211709325235"",""VLO"":""165.12782811627633"",""VOYA"":""363.81501525660536"",""VZ"":""697.41993575567074"",""WCC"":""181.43829264801829"",""WFRD"":""211.39598477343793"",""WSC"":""687.71090158096376"",""WU"":""2353.649603155799""}",18de51b7b3c778461a302270f7b4b533848b5b5efffa2cc886f81fe02cee9fc8
us_candidate_A,0,9,2025-06-30,1624759.4952217394,0,0.63063188557558458,0,"{""ACGL"":""290.91849465712386"",""ADM"":""638.15494018017534"",""AIZ"":""126.0028279785451"",""AM"":""3916.892681211918"",""AMP"":""50.459821913839164"",""ARW"":""285.00342625444182"",""BLDR"":""225.56207638636016"",""CE"":""465.82267848435868"",""CF"":""377.86670860176349"",""CROX"":""539.63216068189399"",""DAL"":""444.07145424108074"",""DVA"":""215.57731580008331"",""DVN"":""985.0164246227456"",""EEFT"":""261.24390297146425"",""EOG"":""482.18233447126647"",""EXPE"":""144.18678141783602"",""F"":""2713.7699981399378"",""FITB"":""635.43810268650384"",""FRHC"":""205.57290520763169"",""GEN"":""981.23896937857512"",""GL"":""240.91035672153322"",""GM"":""605.21095509484621"",""HAL"":""1185.714879658053"",""HOG"":""1070.0161824727004"",""HOOD"":""721.04999950578065"",""JPM"":""112.07844053892363"",""KNSL"":""57.760890464139884"",""LEN"":""236.41260964950106"",""MGM"":""1705.7982845451038"",""MIDD"":""238.01836528536333"",""MPC"":""423.69828358055804"",""MTB"":""142.8983723290537"",""NOV"":""1840.159108327766"",""NSA"":""708.68696865168522"",""OLN"":""953.83395200894859"",""OVV"":""796.03919945438179"",""PEG"":""317.98228170890502"",""PEP"":""176.68238183339065"",""RNR"":""107.97927326709291"",""SJM"":""243.97314730825812"",""SLGN"":""619.39649525268896"",""TDC"":""1034.9787344430968"",""THC"":""255.40352988911084"",""V"":""102.01109852519447"",""VICI"":""919.76456629871223"",""VLO"":""219.15590979350179"",""VOYA"":""390.32867908739485"",""VZ"":""806.19123725687575"",""WFRD"":""375.07082202408748"",""WU"":""3041.4705262172133""}",0053c400240ccd5595e5664a93d03d7c0c1c51c705aea1419cb8028ecef8337b
us_candidate_A,0,10,2025-12-31,1753590.5716524054,0,0.41085181853512875,0,"{""ALK"":""547.27819159988542"",""APA"":""1931.1568393535779"",""BLDR"":""302.68967856523216"",""CCL"":""962.99164012668302"",""CF"":""383.92237599757539"",""CROX"":""348.74465434218934"",""DAL"":""718.19557933665999"",""DUK"":""229.48580440985023"",""DVA"":""438.04972630494399"",""DVN"":""1110.3696507946224"",""EEFT"":""348.4006568531953"",""EOG"":""295.30021396017838"",""EVRG"":""392.85253039840887"",""EXPE"":""369.93231866338192"",""FITB"":""658.38378119042852"",""FNF"":""483.04182876136866"",""FTI"":""786.27540419170521"",""HAL"":""1733.1137679969058"",""HALO"":""520.55603460904126"",""HOG"":""1496.6465504990226"",""HOOD"":""289.21632938547828"",""IBKR"":""488.70826421877513"",""INGR"":""260.43989523504598"",""IRDM"":""897.55800200073998"",""KNSL"":""55.960580533916776"",""LAZ"":""564.38776407591354"",""LNC"":""782.63944856538512"",""LVS"":""622.3701429639699"",""META"":""36.688378003173497"",""MGM"":""1027.0677113049414"",""MRK"":""342.083437599322"",""MUSA"":""66.566678761952616"",""NVR"":""3.6664732631020556"",""OC"":""256.84161279651642"",""OMC"":""490.97662763103892"",""PEP"":""205.0842541681485"",""PGR"":""101.4738998739501"",""SLB"":""1044.9958163247616"",""SYF"":""405.74355589395157"",""TDC"":""1583.1850556601048"",""UAL"":""340.06435916567034"",""V"":""99.481364855025873"",""VIRT"":""604.58416879576532"",""VST"":""139.72098921811221"",""VZ"":""816.28977563616672"",""WEN"":""3092.894797878891"",""WFRD"":""538.24935242222875"",""WMT"":""276.94134710945315"",""WU"":""4194.8763173131756"",""XOM"":""251.1996745859214"",""YETI"":""1120.5856152213496""}",5e9ffe2fa430688a20e4d120da6b7da7c48209f194d8c15682fb15e30eaf66a2
us_candidate_A,0,11,2026-06-30,2058673.9915606033,0,0.63678771881535501,0,"{""CCL"":""956.9911436653598"",""CF"":""629.82737538876154"",""CHTR"":""233.34538544942188"",""CI"":""106.1894035081208"",""CROX"":""911.3348776906796"",""CRUS"":""246.63721120286996"",""DAL"":""701.88543533957943"",""DUK"":""249.35167244723223"",""DVA"":""686.00791074823439"",""DVN"":""1329.8075133105874"",""EEFT"":""640.00590214908448"",""EOG"":""463.8686716747626"",""EVR"":""85.897162461543246"",""EVRG"":""403.17988036336175"",""EXPE"":""103.1608821698496"",""FNF"":""535.38211261293441"",""FOUR"":""1237.6903087201351"",""FTI"":""655.89114738644719"",""HALO"":""434.27205835869376"",""HHH"":""366.38472517914118"",""HOG"":""2377.2986438539201"",""HRB"":""1117.7340342488944"",""IBKR"":""454.46290666366178"",""KBR"":""727.0276001875643"",""KNSL"":""74.725172651718367"",""LAZ"":""601.86387000700347"",""LNC"":""656.33302329979983"",""LVS"":""449.01689241880609"",""LW"":""1162.8276250314352"",""MGM"":""1334.909542684758"",""MU"":""102.40184130738267"",""MUSA"":""72.428899503221871"",""NLY"":""1307.0889770813994"",""OC"":""435.26806552199821"",""PEP"":""203.64067396558031"",""PFG"":""331.32875555538027"",""PGR"":""128.34406080950328"",""PR"":""2083.1439435167563"",""QSR"":""428.35277044613935"",""SYF"":""350.31175269735212"",""TDC"":""1600.2250069831412"",""V"":""138.89210234258169"",""VIRT"":""877.14614428391621"",""VZ"":""1195.9452298690603"",""WU"":""5232.099808009325""}",8d251e68ede921256673ae2f6cbb3c7353833256237a9892a0442955d9165ee6
us_candidate_A,0,12,2026-07-16,2150351.5292004612,0,0,0,"{""ACN"":""285.23287660589835"",""ADBE"":""173.12642261651541"",""ADT"":""5460.6737176673832"",""AMT"":""209.7648296917327"",""BAH"":""585.04003897870427"",""CACC"":""53.885782568515744"",""CBOE"":""141.39050229808677"",""CF"":""316.93361530275922"",""CHTR"":""249.59130275534764"",""CPB"":""1593.8203486680734"",""CRUS"":""231.00540761244673"",""CTSH"":""916.45698850601593"",""CVNA"":""521.28886649463266"",""D"":""502.43422452301525"",""DAL"":""378.97052279348702"",""DLTR"":""283.68113429249041"",""DOX"":""702.30271398571415"",""DVN"":""859.01208046558543"",""DXCM"":""509.44666952749395"",""EEFT"":""484.96214188875518"",""EQT"":""645.31189002589269"",""EVR"":""100.48978793544023"",""EXE"":""376.26091888010433"",""EXPE"":""138.71494124135529"",""FAF"":""500.2366699617541"",""FOX"":""732.51992298626624"",""G"":""1290.7046969031996"",""GAP"":""1900.1273642846891"",""GDDY"":""418.17129082042879"",""GEN"":""1426.0497856503814"",""HALO"":""438.37016983105553"",""HRB"":""932.10029319427508"",""IBKR"":""394.20074899674529"",""INTU"":""135.99378990359384"",""IT"":""273.83412409225423"",""KEY"":""1488.556754562981"",""KLAC"":""231.3665849906026"",""KNSL"":""104.03333189617268"",""LULU"":""310.86336630616563"",""LW"":""822.00970738392755"",""LYFT"":""2348.4759201010756"",""MELI"":""20.911151335189903"",""MPC"":""134.20124845573088"",""NEM"":""367.35795709503975"",""NI"":""721.5821912234851"",""OMF"":""562.755997911706"",""PEG"":""422.76038926412906"",""PGR"":""157.06675757691332"",""PNFP"":""340.11928224302852"",""PYPL"":""822.00970738392755"",""RNR"":""108.27148372570753"",""TDC"":""1024.3688070660316"",""THC"":""189.72834704317933"",""V"":""103.45500937024686"",""VIRT"":""575.98175579447229"",""VZ"":""838.3178829673592"",""WTM"":""16.548374011969152"",""WU"":""4609.6596317971416""}",0665a4ef45290bc6b846b4ebf0d17a9776dda20d634157027ccded5815203369
us_candidate_A,10,1,2021-06-30,1000000,1000000,0,17971.17808748722,{},44136fa355b3678a1146ad16f7e8649e94fb4fc21fe77e8310c060f61caaff8a
us_candidate_A,10,2,2021-12-31,1105950.810883532,1.7098500393331051e-10,0.36397136949766684,17971.17808748722,"{""ACGL"":""427.58132126390996"",""ACI"":""846.89810020430582"",""ALSN"":""698.28957599465912"",""AMKR"":""703.42275665469583"",""BJ"":""349.93729823490236"",""BOKF"":""192.26347170919922"",""CBOE"":""139.85734271328562"",""CBSH"":""223.31030914721904"",""CNC"":""228.3013389553908"",""COKE"":""41.404562330631023"",""CSX"":""865.02580268166321"",""DKS"":""443.15844295882232"",""DTE"":""128.47235069457295"",""ELV"":""72.682105159842209"",""EVR"":""118.27816047465122"",""EXP"":""117.16287840417037"",""FAF"":""445.06860866123105"",""FNF"":""638.51881615342279"",""FRHC"":""255.56433844998696"",""GL"":""174.80332440962366"",""GM"":""468.98813165502372"",""HOLX"":""249.55060926283952"",""HRB"":""709.1148488082049"",""IBM"":""189.30368886027529"",""LAZ"":""367.95616906114151"",""LOPE"":""308.4364538182478"",""LPX"":""276.16547769143563"",""MO"":""349.20336933759756"",""MOH"":""109.6578983246177"",""MUSA"":""208.06798942811542"",""OMC"":""346.91871171431126"",""PAG"":""367.59872499705602"",""PB"":""231.89438231220964"",""PEG"":""278.70801221989706"",""PGR"":""169.53484013864835"",""PHM"":""508.52167399721009"",""PRI"":""108.72415208317"",""SGI"":""424.85370375138183"",""URI"":""86.987955706804669"",""V"":""118.68115537604891"",""VIRT"":""602.60646579864829"",""VRTX"":""82.577080047694551"",""VZ"":""495.27088613292443"",""WSM"":""278.10864015060702"",""WTM"":""14.503119822667223"",""WY"":""483.7308730394081""}",5fd58f2c0821d340861b255abd896ce74c11bafaabafe1fee9b8e4dd6ddc0fa5
us_candidate_A,10,3,2022-06-30,978276.16331347357,0,0.74427191928649128,17971.17808748722,"{""ACGL"":""414.3479162857268"",""ACI"":""610.06177141108174"",""ALSN"":""1169.41969436522"",""BJ"":""275.01515423175391"",""CMS"":""283.1324347256043"",""COKE"":""29.74493270062591"",""DKS"":""369.67045734564533"",""DTE"":""154.0719832600013"",""EBAY"":""276.95887035940689"",""EVR"":""135.57427220390548"",""EXP"":""110.64378756999012"",""FAF"":""543.37729630801164"",""FDX"":""71.210040515390347"",""FNF"":""814.64940379792552"",""GL"":""196.51904480260944"",""HOLX"":""240.56641691353914"",""HPE"":""1167.8988509131616"",""HRB"":""781.73874698219686"",""IBM"":""318.0338612163381"",""KEY"":""796.27171979682487"",""LAD"":""62.023117962285092"",""LAZ"":""422.13533987853674"",""LITE"":""174.1303288163048"",""LOPE"":""495.9561998620436"",""LPX"":""235.07038773325539"",""MOH"":""191.54354492290088"",""MUSA"":""213.35276997679057"",""OMC"":""580.16112856797804"",""PAG"":""396.45967067875165"",""PB"":""254.74086969433691"",""PGR"":""179.42294085631326"",""PRI"":""120.16549147844037"",""REGN"":""29.164183048677096"",""SFM"":""2052.7685569095793"",""SGI"":""391.6173693153425"",""TOL"":""254.42415912281473"",""V"":""196.15341188766439"",""VIRT"":""638.8402663510426"",""VZ"":""818.09865069622219"",""WSM"":""108.89709027907803"",""WY"":""447.25023989559395""}",98e3575aaace24b59f180291f4459f05e944d1ef71e593544a9e3457028e471d
us_candidate_A,10,4,2022-12-30,1129089.1028485207,0,0.46333877063051221,17971.17808748722,"{""ABBV"":""106.26796236615242"",""ACI"":""652.94772437649374"",""ALLY"":""485.70579277827227"",""ALSN"":""453.7519686694385"",""AN"":""145.63351034359255"",""AXP"":""117.41452255085775"",""BLDR"":""627.98443782755703"",""BYD"":""327.15580132663121"",""CE"":""148.34421558829956"",""CF"":""189.85187350985538"",""CLF"":""1058.946071307736"",""CNH"":""1404.3141601380416"",""COF"":""156.21461863902394"",""COP"":""181.22704727758494"",""CROX"":""358.47058137127408"",""DKS"":""231.48153370492119"",""DVA"":""218.19363676012895"",""ETSY"":""222.31937052315126"",""FAF"":""329.68184420521374"",""FCX"":""556.2543101845489"",""FNF"":""472.04445874837421"",""GM"":""549.33133486586621"",""HOG"":""514.08721149715427"",""HRB"":""460.81543363533132"",""HUN"":""615.40610918306561"",""LAD"":""63.486638751646268"",""LOPE"":""185.22946380019016"",""LPX"":""310.55144277809393"",""M"":""888.42800851527852"",""MOH"":""62.396778353205931"",""MRNA"":""113.93770469723418"",""MUSA"":""74.920613197663542"",""NLY"":""2753.9765001691881"",""NRG"":""883.48871656640858"",""NUE"":""155.88546227372765"",""NVR"":""4.3571811163795253"",""OLN"":""351.68541737251303"",""PAG"":""166.65166869175576"",""PFE"":""643.19596245164621"",""PRU"":""170.10870731605249"",""REGN"":""57.047966287178475"",""RH"":""82.195247316215543"",""RITM"":""1746.3520510729509"",""SAIC"":""187.39810091664782"",""SFM"":""689.05067912084951"",""SGI"":""816.41381353953716"",""SYF"":""589.28316857349398"",""THC"":""331.93993902853708"",""V"":""88.611728352582219"",""WEC"":""161.72497134340125"",""WHR"":""112.654246757538"",""WMB"":""521.49955514257942"",""WSM"":""157.24887963352754"",""WY"":""491.42515446859068""}",27e53a16466ea61cb138e0641728cb08830f6cb90f6f5420d7213b16590f087d
us_candidate_A,10,5,2023-06-30,1317700.5357437758,1.3278622645884752e-10,0.64716127637329834,17971.17808748722,"{""ABBV"":""116.34896697924458"",""ACI"":""1510.5543771858418"",""ALLY"":""769.04525781250379"",""ALSN"":""753.09850439505658"",""AN"":""175.23911047078954"",""AXP"":""127.26332692734834"",""BLDR"":""772.68887694744262"",""BX"":""253.44597052858495"",""BYD"":""344.82223644811512"",""CE"":""306.42505656136893"",""CF"":""220.69432574548964"",""CLF"":""1167.1729704230738"",""COP"":""159.3487843518281"",""DBX"":""840.17678970132783"",""DOW"":""373.15254124857546"",""DVA"":""419.56472188073332"",""EXPD"":""301.47130276014582"",""FAF"":""598.56510857536023"",""FCX"":""494.81990930304516"",""FNF"":""832.77240252084948"",""GM"":""931.29898284287617"",""GS"":""54.759032423308632"",""HOLX"":""418.77954528584888"",""HUM"":""61.1665549558452"",""HUN"":""1140.0617824903331"",""INTC"":""1185.35368077315"",""LPX"":""317.620887728306"",""M"":""910.56448201044645"",""MKSI"":""221.91852417698237"",""MRNA"":""104.68297825139581"",""MUSA"":""112.07304064833066"",""NLY"":""891.99034883850663"",""NUE"":""142.65349027779163"",""NVR"":""6.7920551584654048"",""OLN"":""355.17862775813597"",""OMF"":""564.48983949311662"",""ON"":""301.47757821894692"",""PAG"":""272.59112314308146"",""PVH"":""266.37139189000874"",""RITM"":""2301.487950246722"",""ST"":""465.65518953728866"",""SYF"":""572.22022378319286"",""V"":""241.29791267014861"",""WEC"":""200.54561170558571"",""WSM"":""272.61484321992998"",""WY"":""606.55343721018119""}",cabd083b77eb9fa37198f948aa53cae377cf974b454ba14276af360f54b8fb5a
us_candidate_A,10,6,2023-12-29,1405824.4131064119,3.637978807091713e-11,0.45774190691950356,17971.17808748722,"{""AAL"":""1222.0195986844551"",""AEE"":""268.43432839964646"",""ALSN"":""777.26153080736822"",""AMG"":""146.26080192407184"",""AMGN"":""98.743498785691031"",""AMP"":""66.001419798889458"",""BJ"":""347.92940168860696"",""BKNG"":""8.118649054152316"",""BLDR"":""483.87660021899364"",""CF"":""315.80281763755579"",""CHRW"":""465.12120857852688"",""CROX"":""390.28980815887593"",""CSL"":""85.459913461969862"",""DAL"":""461.14917123262779"",""DINO"":""491.43760592690262"",""DOW"":""411.62282389033282"",""DVA"":""436.78895221841356"",""ELV"":""98.77374244161247"",""EQH"":""807.18083948450385"",""EXPD"":""362.28998620807403"",""GM"":""1138.0753638325727"",""GPK"":""912.319250952939"",""HBAN"":""2033.6764007791396"",""HOLX"":""541.98080806945791"",""HUM"":""98.146369130642114"",""LAZ"":""685.09473751247265"",""LEN"":""350.20497988495737"",""LNG"":""143.88967970857917"",""MOS"":""626.37233143997503"",""MUSA"":""70.467138955350592"",""NI"":""801.57336747345971"",""NVR"":""6.9102207389804473"",""PFE"":""597.68352236638839"",""PFG"":""289.0695094989336"",""PK"":""1710.0648674258287"",""SYY"":""295.45864690564855"",""UAL"":""399.54495353379127"",""V"":""277.10635687124449"",""VLO"":""186.89711509291666"",""WMB"":""671.86734907750918"",""WSM"":""350.68072582215126"",""WTM"":""15.78434283027606"",""WU"":""3741.1923298707593""}",c0c7c68e6ae1801dec406acf27535cafd01f2f5a804a429a9a20c2e69961ee3e
us_candidate_A,10,7,2024-06-28,1543136.448277723,6.2755134422332048e-11,0.76411956507166445,17971.17808748722,"{""AAL"":""1703.649197115227"",""ALSN"":""1207.6998061556055"",""AMG"":""154.5908068178789"",""AMP"":""61.627938731440963"",""BKNG"":""6.5990099199833168"",""BLDR"":""280.45767197547167"",""CF"":""294.44201218066939"",""CHRW"":""541.95628845451142"",""CNM"":""579.26602247867413"",""CROX"":""501.22688962193814"",""CSL"":""74.922830612819567"",""CTRA"":""917.24686396407594"",""DAL"":""581.85781676269505"",""DINO"":""421.23699781110707"",""DOW"":""426.84427367547806"",""DVA"":""446.92252538741155"",""EEFT"":""230.64479227867986"",""EPR"":""483.14014382586618"",""EQH"":""702.94714619709373"",""EXPE"":""154.21397963214454"",""GM"":""1303.4410846209698"",""GPK"":""949.62028269221992"",""HBAN"":""1840.2625761291838"",""HRB"":""967.94715235859508"",""KNSL"":""69.89382212643163"",""LEN"":""314.1411953810067"",""MCHP"":""259.57130148994474"",""MOH"":""194.3697758931346"",""MOS"":""655.13965766479771"",""MUSA"":""65.649932601422535"",""PFE"":""813.06495200983738"",""PFG"":""297.54849330574831"",""PHM"":""453.5904258824379"",""RITM"":""2191.7734052774549"",""SNX"":""217.52755290738054"",""SON"":""418.97512024992341"",""SSB"":""277.1834217686586"",""THC"":""619.55278231553848"",""TOL"":""455.48792450223988"",""UAL"":""567.33252468160981"",""V"":""179.83331576564331"",""VZ"":""1241.8993039677782"",""WU"":""3927.8191073477551""}",4a7f465138774ec6b34df0389563348bd770fcb364152a9a2abc82d0643f78ab
us_candidate_A,10,8,2024-12-31,1599062.6675810996,3.6743585951626301e-10,0.42463746103596622,17971.17808748722,"{""ACGL"":""254.47376281729791"",""ADM"":""472.06614314422023"",""AGCO"":""291.54473184581241"",""ALSN"":""375.97362784015957"",""AM"":""3677.7650124630463"",""APO"":""217.44607377519426"",""ARW"":""236.30671044276343"",""AXP"":""110.87824629944801"",""BG"":""267.2698169248676"",""BYD"":""983.85220115617597"",""CCL"":""1371.4667697989951"",""CE"":""211.55310514543788"",""CF"":""385.00267610723301"",""CNH"":""2817.0185935901395"",""CNM"":""583.08946369162481"",""CPAY"":""96.369723098371622"",""CPNG"":""1225.4824787893644"",""CROX"":""195.53514014710234"",""CVNA"":""199.4550802566593"",""DAL"":""541.18587543501656"",""EEFT"":""248.05659836364433"",""EOG"":""430.68448624537461"",""EXPE"":""203.77695000108886"",""F"":""2047.3570917573516"",""FRHC"":""340.50209457078495"",""GL"":""312.03035890419528"",""GM"":""614.21434251115181"",""HALO"":""490.33342113516397"",""HOG"":""850.8168858994668"",""KNSL"":""66.636882087409646"",""KO"":""403.35990464473196"",""LEA"":""224.79518370227817"",""MGM"":""642.13317626165872"",""MIDD"":""232.74119854064199"",""MPC"":""312.487066426708"",""MTB"":""169.62115440431543"",""NEU"":""55.3492219350779"",""NUE"":""180.51871427801186"",""OLN"":""605.22583993781791"",""PEG"":""348.35628128408666"",""RNR"":""114.86670811434472"",""TGT"":""173.42514138501207"",""THC"":""214.51100017340536"",""TOL"":""247.7548042461201"",""V"":""108.72251439428548"",""VICI"":""896.43358696358894"",""VLO"":""163.77811897574119"",""VOYA"":""360.84129206798571"",""VZ"":""691.95922291629756"",""WCC"":""180.017652996897"",""WFRD"":""209.66809253276591"",""WSC"":""682.08974310938322"",""WU"":""2335.2208144900255""}",a622c51a23026238920e2f65dfd014fcbdb153f462657ef27eb8a99b02ce60b0
us_candidate_A,10,9,2025-06-30,1610267.5379343377,2.6466295821592212e-10,0.65446894387920662,17971.17808748722,"{""ACGL"":""288.31837953068799"",""ADM"":""632.47554969787654"",""AIZ"":""124.87666424190523"",""AM"":""3881.9660119546556"",""AMP"":""50.008831864581325"",""ARW"":""282.46697993932747"",""BLDR"":""223.55464052848751"",""CE"":""461.67699423113316"",""CF"":""374.50380650183689"",""CROX"":""534.82029690857075"",""DAL"":""440.1025181761824"",""DVA"":""213.6587413623318"",""DVN"":""976.25006937784065"",""EEFT"":""258.90900767852037"",""EOG"":""477.88274694400195"",""EXPE"":""142.8980966546398"",""F"":""2689.5153888544478"",""FITB"":""629.75880675636313"",""FRHC"":""203.73557540484379"",""GEN"":""972.46904125854769"",""GL"":""238.7571946705437"",""GM"":""599.82475634947855"",""HAL"":""1175.162367441586"",""HOG"":""1060.4933544884409"",""HOOD"":""714.60553810142335"",""JPM"":""111.076727502645"",""KNSL"":""57.24464633470005"",""LEN"":""234.30860725039761"",""MGM"":""1690.5877956824174"",""MIDD"":""235.90007213537635"",""MPC"":""419.92019441143913"",""MTB"":""141.62120285973637"",""NOV"":""1823.7124897026736"",""NSA"":""702.35300315639768"",""OLN"":""945.34511156025815"",""OVV"":""788.95468569720299"",""PEG"":""315.14028109431928"",""PEP"":""175.10326416979504"",""RNR"":""107.01419697624306"",""SJM"":""241.79261123918482"",""SLGN"":""613.88404938975452"",""TDC"":""1025.7677293976476"",""THC"":""253.13051390902893"",""V"":""101.10322987829616"",""VICI"":""911.54407222386283"",""VLO"":""217.19718043607989"",""VOYA"":""386.84007481707152"",""VZ"":""799.0163733617585"",""WFRD"":""371.71858648134906"",""WU"":""3014.4023368619551""}",4166b56d75160cc54677bd450691cdfeeafbbe38021c2094f90a733452052342
us_candidate_A,10,10,2025-12-31,1735593.592712729,4.7293724492192268e-11,0.43813347461775559,17971.17808748722,"{""ALK"":""541.50356152509312"",""APA"":""1911.9187422998443"",""BLDR"":""299.67429768329896"",""CCL"":""952.83059118995743"",""CF"":""380.09775865939298"",""CROX"":""345.27047587543592"",""DAL"":""711.04094747182091"",""DUK"":""227.064374781878"",""DVA"":""433.57381552071433"",""DVN"":""1099.3081985747926"",""EEFT"":""344.92990527386223"",""EOG"":""292.35844659028635"",""EVRG"":""388.70732952649939"",""EXPE"":""366.15241890517996"",""FITB"":""651.43681556677859"",""FNF"":""477.94499151376385"",""FTI"":""777.97898444429745"",""HAL"":""1715.8485670590851"",""HALO"":""515.06336455712426"",""HOG"":""1481.7370252823791"",""HOOD"":""286.16465047806906"",""IBKR"":""483.55163732650436"",""INGR"":""257.84540478295349"",""IRDM"":""888.08737899441837"",""KNSL"":""55.370109990207908"",""LAZ"":""558.43260158944577"",""LNC"":""774.38139376478625"",""LVS"":""615.80317683892451"",""META"":""36.301258957934131"",""MGM"":""1016.8361092371082"",""MRK"":""338.47392905838308"",""MUSA"":""65.864297503101284"",""NVR"":""3.6277863080972592"",""OC"":""254.28296827126346"",""OMC"":""486.08554068201494"",""PEP"":""202.9202985781703"",""PGR"":""100.40319352567489"",""SLB"":""1034.5856152859217"",""SYF"":""401.46233479564887"",""TDC"":""1567.4134377706928"",""UAL"":""336.47615502023865"",""V"":""98.490335999617386"",""VIRT"":""598.20487216480478"",""VST"":""138.2467170128559"",""VZ"":""808.15793382630341"",""WEN"":""3062.0835198479995"",""WFRD"":""532.56999054386017"",""WMT"":""274.01918822112503"",""WU"":""4153.0871492475244"",""XOM"":""248.54913009519115"",""YETI"":""1109.4223920261306""}",3b7c05fc4319590d6ffaa089c5afb6cc22aad9778e8ad1b3df70125e9b78a94b
us_candidate_A,10,11,2026-06-30,2035719.9410671301,7.2759576141834259e-12,0.71376466671686178,17971.17808748722,"{""CCL"":""946.31363320989021"",""CF"":""622.80973826186653"",""CHTR"":""230.74541392657608"",""CI"":""105.00460835748299"",""CROX"":""901.17543867402719"",""CRUS"":""243.88538698928309"",""DAL"":""694.06491580940565"",""DUK"":""246.56956196766529"",""DVA"":""678.36038654522315"",""DVN"":""1314.9905857814019"",""EEFT"":""632.87485425269688"",""EOG"":""458.70017290898727"",""EVR"":""84.938775483409401"",""EVRG"":""398.68145065843629"",""EXPE"":""102.00987737188962"",""FNF"":""529.40865283440269"",""FOUR"":""1223.8927031189901"",""FTI"":""648.57312294053065"",""HALO"":""429.42672151902002"",""HHH"":""362.29683287238373"",""HOG"":""2350.8104029854935"",""HRB"":""1105.2800632669289"",""IBKR"":""449.39229292847216"",""KBR"":""718.91587955796126"",""KNSL"":""73.891435769661598"",""LAZ"":""595.14864823373239"",""LNC"":""649.01006867797093"",""LVS"":""444.00704191473415"",""LW"":""1149.871214064759"",""MGM"":""1320.0357675300838"",""MU"":""101.25930541407114"",""MUSA"":""71.620783005129979"",""NLY"":""1292.5052933018806"",""OC"":""430.41823927417352"",""PEP"":""201.36857830427846"",""PFG"":""327.63199589876484"",""PGR"":""126.91207780708785"",""PR"":""2059.9015223257338"",""QSR"":""423.57347733006077"",""SYF"":""346.40319259534994"",""TDC"":""1582.395044585176"",""V"":""137.34454437333628"",""VIRT"":""867.35949454471927"",""VZ"":""1182.6198172642466"",""WU"":""5173.8029169894407""}",a29d654207615987480ae001733409acf2e43532713c67110a66d40e51fb8d7e
us_candidate_A,10,12,2026-07-16,2123306.5223268303,3.0559021979570389e-10,0,17971.17808748722,"{""ACN"":""281.6818413532468"",""ADBE"":""170.97106788605029"",""ADT"":""5392.6905135381585"",""AMT"":""207.09869928436652"",""BAH"":""577.75652444367938"",""CACC"":""53.200889282821606"",""CBOE"":""139.59341592262675"",""CF"":""312.90535970759123"",""CHTR"":""246.48399084451185"",""CPB"":""1573.9779226761577"",""CRUS"":""228.06930749305749"",""CTSH"":""905.04746547890613"",""CVNA"":""514.66323673570093"",""D"":""496.04823900928142"",""DAL"":""374.25249133032281"",""DLTR"":""280.07552080978775"",""DOX"":""693.55932603874226"",""DVN"":""848.3177235720724"",""DXCM"":""502.97155518847563"",""EEFT"":""478.92455715258961"",""EQT"":""637.10991615467049"",""EVR"":""99.212553426499028"",""EXE"":""371.47860776339326"",""EXPE"":""136.98799569328605"",""FAF"":""493.87861556996398"",""FOX"":""723.20952694158473"",""G"":""1274.6359395635648"",""GAP"":""1876.4715384367255"",""GDDY"":""412.96522547123038"",""GEN"":""1408.2960360786674"",""HALO"":""432.79844438410413"",""HRB"":""920.4960172793601"",""IBKR"":""389.19042097821495"",""INTU"":""134.30072160152503"",""IT"":""270.42499875017768"",""KEY"":""1469.6370603880187"",""KLAC"":""228.45653965709411"",""KNSL"":""102.71105861539623"",""LULU"":""306.99324170606087"",""LW"":""811.7760152384908"",""LYFT"":""2318.6265737127878"",""MELI"":""20.650815863177012"",""MPC"":""132.49553816225537"",""NEM"":""362.68880344693605"",""NI"":""712.41081476222564"",""OMF"":""555.60331707304954"",""PEG"":""417.3870655734824"",""PGR"":""155.0704245454055"",""PNFP"":""335.79633467430443"",""PYPL"":""811.7760152384908"",""RNR"":""106.89534314277006"",""TDC"":""1011.6158250504483"",""THC"":""187.36630499250595"",""V"":""102.1670358739632"",""VIRT"":""568.66097434856181"",""VZ"":""827.88116055734599"",""WTM"":""16.338042646074221"",""WU"":""4552.271212727017""}",09a13ef696234eeb00298d4600186b41cdcac596db183ee139fc59c72bcffd42
us_candidate_A,20,1,2021-06-30,1000000,1000000,0,35681.620203267412,{},44136fa355b3678a1146ad16f7e8649e94fb4fc21fe77e8310c060f61caaff8a
us_candidate_A,20,2,2021-12-31,1104847.0675592972,1.8189894035458565e-10,0.36409193584442501,35681.620203267412,"{""ACGL"":""427.15459339837707"",""ACI"":""846.05289251947113"",""ALSN"":""697.5926802102332"",""AMKR"":""702.72073793547963"",""BJ"":""349.58805941430859"",""BOKF"":""192.07159199691461"",""CBOE"":""139.71776452694502"",""CBSH"":""223.08744456723178"",""CNC"":""228.07349330773073"",""COKE"":""41.36324041213738"",""CSX"":""864.16250347738992"",""DKS"":""442.71616906365381"",""DTE"":""128.34413477571607"",""ELV"":""72.609568128744542"",""EVR"":""118.1601183983292"",""EXP"":""117.04594938380691"",""FAF"":""444.62442841306603"",""FNF"":""637.8815718259242"",""FRHC"":""255.30928421999695"",""GL"":""174.62886999404517"",""GM"":""468.5200796274238"",""HOLX"":""249.30155675858518"",""HRB"":""708.40714935829658"",""IBM"":""189.11476302308935"",""LAZ"":""367.58894733553154"",""LOPE"":""308.12863300605386"",""LPX"":""275.88986344224253"",""MO"":""348.85486298097322"",""MOH"":""109.54845930433363"",""MUSA"":""207.86033674405539"",""OMC"":""346.57248545511527"",""PAG"":""367.2318600020489"",""PB"":""231.66295079293599"",""PEG"":""278.42986051109477"",""PGR"":""169.36564369140419"",""PHM"":""508.01416733653411"",""PRI"":""108.61564494536245"",""SGI"":""424.42969805901515"",""URI"":""86.901141379751948"",""V"":""118.56271110920652"",""VIRT"":""602.00506214016661"",""VRTX"":""82.494667792157927"",""VZ"":""494.77660381143437"",""WSM"":""277.83108661752249"",""WTM"":""14.488645651187515"",""WY"":""483.24810769705334""}",3b00338e53674de2f833258f59127802b34669e456ed8d44f96745afb945e23c
us_candidate_A,20,3,2022-06-30,976587.9684699811,6.9121597334742546e-11,0.74454087476732178,35681.620203267412,"{""ACGL"":""413.60318868641275"",""ACI"":""608.96527781089924"",""ALSN"":""1167.4801331153135"",""BJ"":""274.52085616113254"",""CMS"":""282.62354707319059"",""COKE"":""29.691470690920472"",""DKS"":""369.05733401810289"",""DTE"":""153.79506221441397"",""EBAY"":""276.4610787535496"",""EVR"":""135.33059799124806"",""EXP"":""110.44492212610265"",""FAF"":""542.47606849982924"",""FDX"":""71.082051257002206"",""FNF"":""813.29825294637112"",""GL"":""196.165831595295"",""HOLX"":""240.13403522872318"",""HPE"":""1165.7997296836429"",""HRB"":""780.33369003018038"",""IBM"":""317.50638065795039"",""KEY"":""794.84054202814741"",""LAD"":""61.911640805223264"",""LAZ"":""421.37661556523142"",""LITE"":""173.81735593373404"",""LOPE"":""495.13362313314258"",""LPX"":""234.64788432815635"",""MOH"":""191.21782122690109"",""MUSA"":""212.99891005190545"",""OMC"":""579.19889229891703"",""PAG"":""395.8021156383291"",""PB"":""254.28301157829944"",""PGR"":""179.10045530551434"",""PRI"":""119.94951221446497"",""REGN"":""29.111764848478352"",""SFM"":""2049.2777822052794"",""SGI"":""390.91349643017321"",""TOL"":""253.96687024604293"",""V"":""195.82807825546419"",""VIRT"":""637.69204776659899"",""VZ"":""816.74177903659825"",""WSM"":""108.70136425890858"",""WY"":""446.44637535480933""}",9dff14a2b7761a8674093046f45df38e400dad113e16e41fd8d77932735a19d3
us_candidate_A,20,4,2022-12-30,1125420.3187387343,1.1141310096718371e-10,0.46350174564810875,35681.620203267412,"{""ABBV"":""105.89847734476184"",""ACI"":""650.98252809040389"",""ALLY"":""484.01703342655105"",""ALSN"":""452.38629780430665"",""AN"":""145.1271545286661"",""AXP"":""117.00628185055348"",""BLDR"":""625.95277356981956"",""BYD"":""326.01830733917035"",""CE"":""147.89773956785641"",""CF"":""189.19177405953252"",""CLF"":""1055.2642023502749"",""CNH"":""1399.4314745576983"",""COF"":""155.6714731751965"",""COP"":""180.5969356432883"",""CROX"":""357.3916817459542"",""DKS"":""230.78483681273173"",""DVA"":""217.53693284861922"",""ETSY"":""221.54638423881607"",""FAF"":""328.68959090278895"",""FCX"":""554.32025940272467"",""FNF"":""470.62373242899326"",""GM"":""547.67799592492406"",""HOG"":""512.2997722717538"",""HRB"":""459.213216028418"",""HUN"":""613.55390301853936"",""LAD"":""63.295561117046653"",""LOPE"":""184.67197314551004"",""LPX"":""309.47168078847022"",""M"":""885.33901692815084"",""MOH"":""62.208980904029147"",""MRNA"":""113.5415526084965"",""MUSA"":""74.695122388352274"",""NLY"":""2744.4011489211039"",""NRG"":""880.63044120249708"",""NUE"":""155.34346125968514"",""NVR"":""4.3440671781145488"",""OLN"":""350.46263591451435"",""PAG"":""166.15009218240129"",""PFE"":""641.11508565133158"",""PRU"":""169.51725324125965"",""REGN"":""56.863403888652769"",""RH"":""81.947861823120661"",""RITM"":""1740.2801276956784"",""SAIC"":""186.83408325000636"",""SFM"":""686.97682269255881"",""SGI"":""813.95662847803419"",""SYF"":""587.23427915002617"",""THC"":""330.94088947061624"",""V"":""88.345030984689885"",""WEC"":""161.16266683350281"",""WHR"":""112.31518790324523"",""WMB"":""519.6863438040283"",""WSM"":""156.77560297945445"",""WY"":""489.71650936363903""}",c328c52be4ce2d5a3d976c6a777dfcdd58c7eb86eccb401bbaccae2656c826dd
us_candidate_A,20,5,2023-06-30,1312163.7301151706,1.4551915228366852e-10,0.64730408365599523,35681.620203267412,"{""ABBV"":""115.87852462975717"",""ACI"":""1503.9829575760693"",""ALLY"":""765.93572046687359"",""ALSN"":""749.82227259922297"",""AN"":""174.53055326575077"",""AXP"":""126.74875374223389"",""BLDR"":""769.416382637835"",""BX"":""252.42119376486127"",""BYD"":""343.42799129681015"",""CE"":""305.09200450046632"",""CF"":""219.80197611989504"",""CLF"":""1162.4536539674152"",""COP"":""158.70447767300897"",""DBX"":""836.77964099262999"",""DOW"":""371.64374608880843"",""DVA"":""417.73947422161075"",""EXPD"":""300.15980119445413"",""FAF"":""595.96114902804118"",""FCX"":""492.81916751092257"",""FNF"":""829.14956247016687"",""GM"":""927.24751902876562"",""GS"":""54.537621193473868"",""HOLX"":""416.95771340900512"",""HUM"":""60.900459868657478"",""HUN"":""1135.102130281211"",""INTC"":""1180.1969935727459"",""LPX"":""316.33662779417324"",""M"":""906.8827295600513"",""MKSI"":""221.02122465968438"",""MRNA"":""104.25970585355226"",""MUSA"":""111.5854852261847"",""NLY"":""888.38369854910161"",""NUE"":""142.07668891142598"",""NVR"":""6.7625074340450846"",""OLN"":""353.74250784690327"",""OMF"":""562.20739613974956"",""ON"":""300.25859171741314"",""PAG"":""271.40526007245865"",""PVH"":""265.29435281789284"",""RITM"":""2292.1821744694075"",""ST"":""463.77237160512772"",""SYF"":""569.90652359753676"",""V"":""240.27596700781064"",""WEC"":""199.73473085980223"",""WSM"":""271.42887695899475"",""WY"":""604.10091501337024""}",6eff6d20aaf5ac6b11ea781831c092e79249a3cd4ce3f6004fa2a8cc2199660c
us_candidate_A,20,6,2023-12-29,1398062.037405856,0,0.45800854046448447,35681.620203267412,"{""AAL"":""1214.743877344343"",""AEE"":""266.83611068394163"",""ALSN"":""773.30600952079635"",""AMG"":""145.38998705422321"",""AMGN"":""98.155594809285262"",""AMP"":""65.608457248186156"",""BJ"":""345.85788223389164"",""BKNG"":""8.070311835796927"",""BLDR"":""481.27472394927702"",""CF"":""313.9225750440437"",""CHRW"":""462.75418439368485"",""CROX"":""388.30360456727288"",""CSL"":""84.951097959527218"",""DAL"":""458.40355825741511"",""DINO"":""488.51166015596311"",""DOW"":""409.17208335631835"",""DVA"":""434.56611224787662"",""ELV"":""98.271078119120759"",""EQH"":""802.37500587472437"",""EXPD"":""360.44627505608986"",""GM"":""1132.2836436085104"",""GPK"":""906.88743901612622"",""HBAN"":""2021.5681966194354"",""HOLX"":""539.22264168882509"",""HUM"":""97.646897541082382"",""LAZ"":""681.01578623617229"",""LEN"":""348.42276991097407"",""LNG"":""143.03298214464107"",""MOS"":""622.64300455878606"",""MUSA"":""70.047588182821229"",""NI"":""796.80091991069514"",""NVR"":""6.8750542935247525"",""PFE"":""594.12500434998674"",""PFG"":""287.34843301104314"",""PK"":""1699.8833977813972"",""SYY"":""293.69953045225759"",""UAL"":""397.16612282772945"",""V"":""275.61631487747047"",""VLO"":""185.78435771148776"",""WMB"":""667.86715168732792"",""WSM"":""348.89609475422856"",""WTM"":""15.690365221329987"",""WU"":""3722.1532222970186""}",582d207d4b58ecb2aa79f5ad2b97879a52be613419257a7210582bc7df47d2e1
us_candidate_A,20,7,2024-06-28,1533215.2852225881,0,0.76439127092860448,35681.620203267412,"{""AAL"":""1692.6319977681007"",""ALSN"":""1199.9473168598659"",""AMG"":""153.59109529344676"",""AMP"":""61.229401704272192"",""BKNG"":""6.5563352849086627"",""BLDR"":""278.66402795056604"",""CF"":""292.53790753878872"",""CHRW"":""538.49025148822193"",""CNM"":""575.52001111936909"",""CROX"":""498.02133418335825"",""CSL"":""74.438317861068739"",""CTRA"":""911.31519002091318"",""DAL"":""578.0950447261672"",""DINO"":""418.51293232560204"",""DOW"":""424.08394692439282"",""DVA"":""444.06426905371796"",""EEFT"":""229.15325302329003"",""EPR"":""480.01576159615485"",""EQH"":""698.40131079080197"",""EXPE"":""153.21670498276373"",""GM"":""1295.1050341332821"",""GPK"":""943.47925555106315"",""HBAN"":""1828.3619221174295"",""HRB"":""961.75672578183787"",""KNSL"":""69.441831086959795"",""LEN"":""312.13213114645396"",""MCHP"":""257.89269959340987"",""MOH"":""193.12207377432452"",""MOS"":""650.90298486800191"",""MUSA"":""65.225386048164978"",""PFE"":""807.80700414497062"",""PFG"":""295.62429959747942"",""PHM"":""450.68952553834038"",""RITM"":""2177.5995926342421"",""SNX"":""216.12084052907448"",""SON"":""416.26568192829257"",""SSB"":""275.39092539175493"",""THC"":""615.59048334084287"",""TOL"":""452.57488886144068"",""UAL"":""563.66368515104159"",""V"":""178.68320655297671"",""VZ"":""1233.9568388877319"",""WU"":""3902.6990625895205""}",eb38ee0cdd5f8463886b65f635d43decb6c848f55c5442cd253cf6d1082a9579
us_candidate_A,20,8,2024-12-31,1586253.43008294,0,0.42487375658031329,35681.620203267412,"{""ACGL"":""252.39448235325145"",""ADM"":""468.37088557139617"",""AGCO"":""289.26256674285759"",""ALSN"":""373.03056696694199"",""AM"":""3648.3785181418207"",""APO"":""215.66934297128432"",""ARW"":""234.4569396554397"",""AXP"":""109.97227089017291"",""BG"":""265.17767193772505"",""BYD"":""975.99091392759419"",""CCL"":""1360.2606476826677"",""CE"":""209.89710158492775"",""CF"":""381.98893730155015"",""CNH"":""2794.9674267315795"",""CNM"":""578.52513348571517"",""CPAY"":""95.582295426671436"",""CPNG"":""1215.4691801727704"",""CROX"":""194.00452263115596"",""CVNA"":""197.8253521179268"",""DAL"":""536.76389807376768"",""EEFT"":""246.02975192869118"",""EOG"":""427.24318231040309"",""EXPE"":""202.11190828335216"",""F"":""2030.6283352966141"",""FRHC"":""337.71988494190367"",""GL"":""309.48078906927003"",""GM"":""609.40637177767758"",""HALO"":""486.32695425171005"",""HOG"":""844.15682864612108"",""KNSL"":""66.092398579265833"",""KO"":""400.06408993903437"",""LEA"":""222.9584040330929"",""MGM"":""637.10666140393573"",""MIDD"":""230.91933800498248"",""MPC"":""309.99019689537954"",""MTB"":""168.23519638358573"",""NEU"":""54.915957159630892"",""NUE"":""179.1056429199829"",""OLN"":""600.48822975166286"",""PEG"":""345.50989585643879"",""RNR"":""113.92814336995902"",""TGT"":""172.00810135517116"",""THC"":""212.83184268804706"",""TOL"":""245.8154196283287"",""V"":""107.87145210039584"",""VICI"":""889.10891496576596"",""VLO"":""162.43990383145916"",""VOYA"":""357.89289282669762"",""VZ"":""686.54267780773273"",""WCC"":""178.60850386567367"",""WFRD"":""207.95491486010241"",""WSC"":""676.51645389530631"",""WU"":""2316.9410828797791""}",7349734c85fa606b3025758121b939f147fc8d4e4d63dc80f8d38dd190fe572b
us_candidate_A,20,9,2025-06-30,1595909.5096181976,0,0.65453466170179686,35681.620203267412,"{""ACGL"":""285.74221895566967"",""ADM"":""626.84882403914651"",""AIZ"":""123.76087571783179"",""AM"":""3847.362260504558"",""AMP"":""49.561996733009217"",""ARW"":""279.95405401748303"",""BLDR"":""221.56581956522552"",""CE"":""457.56975278800297"",""CF"":""371.17208849575348"",""CROX"":""530.05292167455286"",""DAL"":""436.17014744720819"",""DVA"":""211.757957809814"",""DVN"":""967.5650042914051"",""EEFT"":""256.59562349821169"",""EOG"":""473.62291165780539"",""EXPE"":""141.62128439089835"",""F"":""2665.4842343996052"",""FITB"":""624.13183350416489"",""FRHC"":""201.91517270300784"",""GEN"":""963.77990944324677"",""GL"":""236.62386944544562"",""GM"":""594.48850366918873"",""HAL"":""1164.7077083654904"",""HOG"":""1051.0588314124689"",""HOOD"":""708.22044875351844"",""JPM"":""110.08424312943178"",""KNSL"":""56.733158301025725"",""LEN"":""232.22411520464681"",""MGM"":""1675.5179368257945"",""MIDD"":""233.80142185646133"",""MPC"":""416.17703592124576"",""MTB"":""140.35579980084088"",""NOV"":""1807.4173918189106"",""NSA"":""696.07739173189384"",""OLN"":""936.93498788336353"",""OVV"":""781.93586643105391"",""PEG"":""312.32446349338494"",""PEP"":""173.53869472942321"",""RNR"":""106.05801181848034"",""SJM"":""239.63216418957586"",""SLGN"":""608.42272027776539"",""TDC"":""1016.6421377353993"",""THC"":""250.87857554034449"",""V"":""100.20377987108493"",""VICI"":""903.39931258322815"",""VLO"":""215.25649661926823"",""VOYA"":""383.38361064297681"",""VZ"":""791.908041771885"",""WFRD"":""368.39723468594406"",""WU"":""2987.5851500431727""}",73df74267e90faa12ddeb95384ef01c041a5422d033c4a2bb3814879160fa280
us_candidate_A,20,10,2025-12-31,1717787.5196654499,3.3469405025243759e-10,0.43834061023483473,35681.620203267412,"{""ALK"":""535.79162170455106"",""APA"":""1892.8794362608551"",""BLDR"":""296.69007532103041"",""CCL"":""942.77985213162094"",""CF"":""376.31266183925038"",""CROX"":""341.83219677341071"",""DAL"":""703.96024581559652"",""DUK"":""224.66923255882358"",""DVA"":""429.14520414989278"",""DVN"":""1088.3610465014474"",""EEFT"":""341.49501764856024"",""EOG"":""289.44707707725973"",""EVRG"":""384.60712957988073"",""EXPE"":""362.41246342869465"",""FITB"":""644.56526724875232"",""FNF"":""472.90348629934323"",""FTI"":""769.77263187982533"",""HAL"":""1698.7617708150658"",""HALO"":""509.63032375896159"",""HOG"":""1466.9815631021625"",""HOOD"":""283.14610105672523"",""IBKR"":""478.45099155280968"",""INGR"":""255.27772370749915"",""IRDM"":""878.71957049854757"",""KNSL"":""54.786049683697428"",""LAZ"":""552.54208924429315"",""LNC"":""766.21298965147923"",""LVS"":""609.3075026876852"",""META"":""35.918342535383466"",""MGM"":""1006.7102323120395"",""MRK"":""334.90360588606853"",""MUSA"":""65.16954140103536"",""NVR"":""3.5895193445055935"",""OC"":""251.75076271968467"",""OMC"":""481.24499428983927"",""PEP"":""200.77983521615559"",""PGR"":""99.344110926857454"",""SLB"":""1024.2829848879005"",""SYF"":""397.2275912787112"",""TDC"":""1551.8047910896926"",""UAL"":""332.92690495970345"",""V"":""97.509547638955183"",""VIRT"":""591.89483013934318"",""VST"":""136.78844972881265"",""VZ"":""800.11011992630074"",""WEN"":""3031.5906207715443"",""WFRD"":""526.95228467384584"",""WMT"":""271.12875273001822"",""WU"":""4111.729796818413"",""XOM"":""245.92736031485327"",""YETI"":""1098.3745205967937""}",3c65914ec8953b99b155b744b758c20a2afde8d2f4cecfe0558861cf16f4e75e
us_candidate_A,20,11,2026-06-30,2013030.6254886077,7.4578565545380116e-11,0.71405761911540844,35681.620203267412,"{""CCL"":""935.75877252593284"",""CF"":""615.87337754586952"",""CHTR"":""228.17555458394037"",""CI"":""103.8334226390364"",""CROX"":""891.13330136037825"",""CRUS"":""241.16517226111384"",""DAL"":""686.33497146105981"",""DUK"":""243.81940886393645"",""DVA"":""670.80116127400356"",""DVN"":""1300.345263974817"",""EEFT"":""625.82639626064326"",""EOG"":""453.59153432432674"",""EVR"":""83.991397245972053"",""EVRG"":""394.23469323964673"",""EXPE"":""100.87209386517239"",""FNF"":""523.5038086268911"",""FOUR"":""1210.2544057859227"",""FTI"":""641.33915872850059"",""HALO"":""424.6370417970578"",""HHH"":""358.25589711598332"",""HOG"":""2324.6289418934875"",""HRB"":""1092.9703308719036"",""IBKR"":""444.37992400780576"",""KBR"":""710.89733614283546"",""KNSL"":""73.067275805231105"",""LAZ"":""588.51056245761913"",""LNC"":""641.77123092167051"",""LVS"":""439.05473825383297"",""LW"":""1137.0648608115912"",""MGM"":""1305.3342564921224"",""MU"":""100.12989353190844"",""MUSA"":""70.821949130010879"",""NLY"":""1278.0891284857778"",""OC"":""425.62458242692838"",""PEP"":""199.12258161191463"",""PFG"":""323.97769995399602"",""PGR"":""125.49654361910235"",""PR"":""2036.9260807513892"",""QSR"":""418.84908270470447"",""SYF"":""342.53952910154607"",""TDC"":""1564.7715840800772"",""V"":""135.8149098098074"",""VIRT"":""857.68526149282275"",""VZ"":""1169.4487360519902"",""WU"":""5116.1812050910366""}",5a7b2b788e440e6c1a2b1fb7f2f1fbf8709d47f39323150889d62a39566a30df
us_candidate_A,20,12,2026-07-16,2096610.1095587153,0,0,35681.620203267412,"{""ACN"":""278.17602737634621"",""ADBE"":""168.84316089509571"",""ADT"":""5325.5730533403885"",""AMT"":""204.4673557500181"",""BAH"":""570.56576309069601"",""CACC"":""52.52493228009935"",""CBOE"":""137.81977739329321"",""CF"":""308.92966358794069"",""CHTR"":""243.41624953739205"",""CPB"":""1554.3881835075224"",""CRUS"":""225.17151673083188"",""CTSH"":""893.78323900626197"",""CVNA"":""508.12405621437961"",""D"":""489.74557592664308"",""DAL"":""369.59454245902759"",""DLTR"":""276.51695229458835"",""DOX"":""684.92728228556643"",""DVN"":""837.75955582556935"",""DXCM"":""496.58092620683686"",""EEFT"":""472.96385908884446"",""EQT"":""629.01495918808462"",""EVR"":""97.951983891841792"",""EXE"":""366.75869481336179"",""EXPE"":""135.28304223351776"",""FAF"":""487.60351917233504"",""FOX"":""714.02061016290475"",""G"":""1258.7718126077282"",""GAP"":""1853.1169618154456"",""GDDY"":""407.82545766626447"",""GEN"":""1390.7683747172568"",""HALO"":""427.29941714616666"",""HRB"":""909.03951803341715"",""IBKR"":""384.24546622277643"",""INTU"":""132.62921397207865"",""IT"":""267.05928750742572"",""KEY"":""1450.9642247301717"",""KLAC"":""225.58400525916608"",""KNSL"":""101.40603796134278"",""LULU"":""303.17240188047401"",""LW"":""801.67264582474581"",""LYFT"":""2289.1666926783341"",""MELI"":""20.393795678490225"",""MPC"":""130.81208346708829"",""NEM"":""358.08057152066874"",""NI"":""703.35910368097711"",""OMF"":""548.5439622770291"",""PEG"":""412.08385140500815"",""PGR"":""153.10013907086503"",""PNFP"":""331.5297916339261"",""PYPL"":""801.67264582474581"",""RNR"":""105.53715803102071"",""TDC"":""999.02524810137163"",""THC"":""185.03434277692216"",""V"":""100.89546430007441"",""VIRT"":""561.43571227178882"",""VZ"":""817.5773464032244"",""WTM"":""16.130455621002397"",""WU"":""4495.6136164561722""}",6c6c6f0d4671a66b7a534caeb673a18429b4b9fdf9d9b61c42cbd5e28add77c1
us_candidate_B,0,1,2021-06-30,1000000,1000000,0,0,{},44136fa355b3678a1146ad16f7e8649e94fb4fc21fe77e8310c060f61caaff8a
us_candidate_B,0,2,2021-12-31,1094782.0575749981,0,0.49891975044658282,0,"{""ACGL"":""299.60623180962165"",""ACI"":""593.42149881315697"",""ALGN"":""8.1833060556464812"",""ALLY"":""100.32102728731941"",""ALSN"":""698.98786557065364"",""AMKR"":""492.8883255879453"",""BJ"":""350.28723553313716"",""BOKF"":""134.71901462663587"",""CBOE"":""97.998040039199211"",""CBSH"":""156.47353361945636"",""CELH"":""65.711657247995788"",""CHRD"":""49.726504226752859"",""CNC"":""159.97074820604229"",""CNP"":""203.91517128874389"",""COF"":""32.322709936001033"",""COKE"":""29.012176825073151"",""CRL"":""13.516435986159168"",""CROX"":""42.911088225197389"",""CSX"":""865.89082848434475"",""DKS"":""443.60160140178107"",""DTE"":""90.020576131687235"",""DUK"":""50.648298217179907"",""ELV"":""72.754787265002037"",""EPAM"":""9.785501800532332"",""EVR"":""82.877507044588086"",""EXP"":""82.096028897802157"",""F"":""336.47375504710635"",""FAF"":""445.51367726989218"",""FNF"":""639.15733496957614"",""FRHC"":""179.07393195190582"",""GL"":""122.48468941382326"",""GM"":""469.45711978667867"",""GMED"":""64.491164710434674"",""GNRC"":""12.043839576056847"",""GOOG"":""1.9949567493376743"",""GS"":""13.174189128659131"",""HOLX"":""174.86011191047163"",""HRB"":""496.87677455990911"",""IBM"":""189.49299254913552"",""JEF"":""146.1988304093567"",""LAZ"":""257.82688766114177"",""LLY"":""21.784593935169049"",""LOPE"":""308.74489027206602"",""LPX"":""193.5091502183889"",""MO"":""244.68680089485457"",""MOH"":""109.76755622294229"",""MRNA"":""21.278406672908332"",""MUSA"":""208.27605741754351"",""NUE"":""52.12133847597206"",""NVDA"":""6.2492188476440447"",""OMC"":""347.2656304260255"",""PAG"":""367.966323722053"",""PB"":""162.48839368616527"",""PEG"":""195.29070416248186"",""PGR"":""118.79306248515087"",""PHM"":""509.0301956712072"",""PRI"":""76.183013364677208"",""QXO"":""410.84634346754314"",""RH"":""7.3637702503681881"",""ROKU"":""10.887316276537833"",""SGI"":""297.6949902185932"",""SYF"":""103.05028854080791"",""THC"":""74.638005672488433"",""TRGP"":""112.48593925759279"",""URI"":""87.074943662511458"",""V"":""118.79983653142493"",""VIRT"":""422.24635058511279"",""VRTX"":""57.861759989419561"",""VZ"":""495.76615701905723"",""WCC"":""48.628671464695586"",""WSM"":""247.06823955179732"",""WTM"":""10.162336059742922"",""WY"":""338.95022273871774"",""YETI"":""54.454367240252672""}",515438193bf791d8db2eab92f0cb45589994b557af8d5216ffe8cd98dd9e1fec
us_candidate_B,0,3,2022-06-30,949426.35952326306,0,0.64346946848167008,0,"{""ACGL"":""287.3443720669286"",""ACI"":""423.06914005879355"",""ALSN"":""1158.3769522537277"",""AZO"":""2.611112573459609"",""BJ"":""272.45584032029217"",""BLDR"":""63.86547996587317"",""BOKF"":""51.890324086406196"",""BPOP"":""66.722455971172465"",""CACC"":""7.9599672636618619"",""CHH"":""35.09141796188851"",""CHRD"":""43.447180632391373"",""CMS"":""196.3483065084547"",""COKE"":""20.62768671712233"",""CWEN-A"":""163.49791779793875"",""DKS"":""366.17968705472651"",""DTE"":""106.84672359356681"",""EBAY"":""192.0670276447365"",""EVR"":""94.018824721199692"",""EW"":""42.2532635111925"",""EXC"":""94.769914956284438"",""EXP"":""76.729889092724846"",""F"":""263.54888242055796"",""FAF"":""538.24622541765302"",""FDX"":""49.383147766683336"",""FNF"":""806.9567308245114"",""FTNT"":""15.230690839941539"",""GL"":""136.28315555244322"",""HD"":""13.189827444820581"",""HOLX"":""166.8293800728184"",""HPE"":""809.92120091153947"",""HPQ"":""145.31219240443295"",""HRB"":""542.12467480369173"",""IBM"":""315.03069141420769"",""INTU"":""8.5101680418441426"",""KEY"":""552.20308423583992"",""KLAC"":""12.726768240391968"",""LAD"":""43.01214796556652"",""LAZ"":""292.7448392934902"",""LBTYK"":""194.87042676664254"",""LITE"":""120.75690023990714"",""LOPE"":""491.27292281440913"",""LOW"":""21.177306901404322"",""LPX"":""232.88280314294792"",""MOH"":""172.53351217554697"",""MSFT"":""16.275898810284815"",""MUSA"":""211.33809583629292"",""NEE"":""58.632286716741525"",""NSA"":""79.102749824783075"",""OMC"":""574.68271071957156"",""ON"":""80.593496582376162"",""ONTO"":""54.07399276770709"",""PAG"":""392.71593186367284"",""PB"":""176.65916097337453"",""PGR"":""124.42725122625404"",""PLD"":""32.513128343282183"",""PRI"":""83.333054990376311"",""REGN"":""20.224945113971017"",""SFM"":""1849.0383946360505"",""SGI"":""271.58106184084579"",""SNPS"":""14.854573372795086"",""TOL"":""252.05646672537597"",""TSLA"":""5.1798011770425152"",""V"":""194.30114999041578"",""VIRT"":""443.02661596860833"",""VZ"":""810.37340674409165"",""WSC"":""134.03306287646888"",""WSM"":""75.518579426328728"",""WY"":""310.1616643607328""}",580b0435f810934079b8f4f8bc4b6475fbbeff9f07591eae57045e01690fb26e
us_candidate_B,0,4,2022-12-30,1081510.9250813515,0,0.55634649649597812,0,"{""ABBV"":""72.320715990498414"",""ACI"":""634.50756490808328"",""ADM"":""61.174378835261798"",""AJG"":""29.116362841120679"",""ALLY"":""330.54732501058601"",""ALSN"":""440.93737670595539"",""AN"":""99.11095974503165"",""AXP"":""79.906513209527745"",""BDX"":""19.255797662014015"",""BIDU"":""31.917782542972606"",""BLDR"":""521.98664795993898"",""BYD"":""222.6460474593917"",""CE"":""144.15476689349532"",""CF"":""184.57684193072498"",""CLF"":""720.66628894630696"",""CMS"":""70.327878483204671"",""CNH"":""955.70671795554244"",""COF"":""106.31193839240558"",""COP"":""123.3341594600238"",""CROX"":""348.34686941327271"",""DHR"":""18.724880867845989"",""DKS"":""224.94417054987375"",""DLTR"":""30.459620132283064"",""DVA"":""212.03154245052508"",""EA"":""39.022867222493346"",""ED"":""49.917263907637391"",""ENPH"":""24.314340286910035"",""ETSY"":""151.29956100402592"",""FAF"":""320.37116655978804"",""FCN"":""26.249000816236194"",""FCX"":""378.55915451485771"",""FNF"":""458.71326121060565"",""GM"":""533.81744755491138"",""HALO"":""107.88935903673445"",""HOG"":""349.86231399572762"",""HRB"":""313.60817840047389"",""HUN"":""598.02617757827102"",""KO"":""75.459097084983554"",""LAD"":""61.693687035930225"",""LOPE"":""179.99832396585609"",""LPLA"":""25.732501071207263"",""LPX"":""211.34594278009422"",""M"":""604.62013433977825"",""MCD"":""19.228498856190519"",""MCK"":""14.552379748065098"",""MOH"":""60.634605823625705"",""MRNA"":""77.540363045885456"",""MUSA"":""72.804750007918514"",""NLY"":""1874.2201118620537"",""NRG"":""734.36423881186067"",""NUE"":""106.08793086011624"",""NVR"":""4.2341282108877278"",""OLN"":""239.33969017080244"",""OXY"":""80.623841671472746"",""PAG"":""207.28984556271183"",""PFE"":""534.63061215809125"",""PPC"":""152.00550104439051"",""PRU"":""115.76756752826857"",""REGN"":""47.418813112934075"",""RF"":""253.18036253953682"",""RGA"":""40.47345722240869"",""RH"":""79.873938256590904"",""RITM"":""1188.4807790884911"",""RS"":""27.947320131969356"",""SAIC"":""182.10571572872166"",""SFM"":""669.59092157756652"",""SGI"":""793.35714245877318"",""SYF"":""401.03696093789779"",""THC"":""322.56548961841673"",""TRGP"":""79.556423623534698"",""UNM"":""139.5394414349299"",""V"":""86.10920886964287"",""VLO"":""44.666275852618696"",""VRTX"":""16.846345851933407"",""VST"":""207.75193862653458"",""WAT"":""14.342654533857983"",""WEC"":""110.06201173593738"",""WHR"":""109.47273283621091"",""WMB"":""507.00969749186322"",""WSM"":""152.80795073766546"",""WY"":""334.43963952610926""}",6d075f5371cafc581bf782e7256c6853678e084d9c607aeff807b2e9b5640bb8
us_candidate_B,0,5,2023-06-30,1241352.3511856426,0,0.6945586028862768,0,"{""ABBV"":""78.074546496395229"",""ACGL"":""86.134989254647266"",""ACI"":""1448.5038640862417"",""ALLY"":""516.05838279273758"",""ALSN"":""722.16274377761181"",""AME"":""38.702795773022871"",""AMKR"":""225.50269497109073"",""AMP"":""17.366973778484617"",""AN"":""117.59205460654645"",""APA"":""115.84307252370942"",""ARMK"":""130.80683660877492"",""AXON"":""32.589372780128706"",""AXP"":""85.398493802249973"",""BLDR"":""657.51537608555941"",""BOKF"":""52.100921335453855"",""BX"":""170.07180832029161"",""BYD"":""231.38873022707563"",""CAT"":""22.572861184700098"",""CE"":""293.83773612234597"",""CF"":""148.09421900566235"",""CLF"":""783.2170986519202"",""COP"":""106.92904626510537"",""DBX"":""563.79032436472005"",""DOW"":""250.39943360354104"",""DVA"":""402.32985323622142"",""ED"":""56.736487518694318"",""EXPD"":""289.08747248988311"",""FAF"":""573.97726673956151"",""FCX"":""474.34689696550498"",""FNF"":""798.56379960522736"",""GL"":""44.857358983050652"",""GLPI"":""103.81176090241419"",""GM"":""893.04310764413356"",""GS"":""36.745376723403908"",""HAL"":""137.42197269140422"",""HOLX"":""401.57693010491448"",""HUM"":""58.653956815144085"",""HUN"":""1093.2303544813919"",""INTC"":""1136.6617533540921"",""KO"":""85.011077274119728"",""LBTYA"":""285.66057186512182"",""LPLA"":""25.015287160136726"",""LPX"":""213.13559897436542"",""LVS"":""112.49333524873634"",""M"":""611.02312151488786"",""MKSI"":""148.915702340168"",""MPC"":""46.460646321906999"",""MRK"":""48.738662689560662"",""MRNA"":""70.246227921625845"",""MUSA"":""107.46930722311173"",""NLY"":""855.08453912187815"",""NUE"":""136.75124865100668"",""NVR"":""6.5130512947523194"",""OKE"":""82.306767509996277"",""OLN"":""238.33825952554656"",""OMF"":""378.7939795641679"",""ON"":""202.30282923332427"",""PAG"":""261.39363213389584"",""PCG"":""332.56793514186688"",""PDD"":""66.309682714981676"",""PFGC"":""92.61097149180948"",""PVH"":""178.74525370849176"",""RITM"":""1544.3852459342024"",""ST"":""312.4722005765833"",""SYF"":""383.98135907737168"",""TPL"":""2.3067508842591193"",""TRGP"":""73.572171774241582"",""V"":""205.33113977874029"",""WEC"":""134.57367170736384"",""WSM"":""261.41637783804953"",""WTW"":""22.10955362419967"",""WY"":""407.020240622014"",""ZM"":""79.828087177542898""}",e8bc51130db784d1a904c5628c059871bc6f5fb46feb561df717b85d0ce02a27
us_candidate_B,0,6,2023-12-29,1336363.2180333175,0,0.47927933876394696,0,"{""AAL"":""1153.2444734166131"",""ACGL"":""82.922668749875896"",""AEE"":""177.32881225867308"",""ALSN"":""732.88012232001574"",""AMG"":""96.620482334817751"",""AMGN"":""65.230358063083642"",""AMP"":""43.60080713260426"",""APG"":""227.68751855936208"",""BJ"":""229.84358192613604"",""BKNG"":""5.363212680363449"",""BLD"":""23.331936530818027"",""BLDR"":""456.37954087707448"",""CF"":""208.62062946075815"",""CHRW"":""438.56292216415574"",""CLH"":""37.747137115661438"",""CNM"":""198.04600369904949"",""COF"":""56.750130345873735"",""CROX"":""368.00437305396736"",""CSL"":""56.45516741576359"",""DAL"":""435.19574785641657"",""DHI"":""51.004698462718473"",""DINO"":""324.64568700214824"",""DOW"":""271.9197164319533"",""DVA"":""411.84842944349646"",""ELF"":""54.335653995694742"",""ELV"":""93.133790331063238"",""EQH"":""533.22695497665063"",""EQT"":""150.90595078843205"",""EXP"":""33.294505717885478"",""EXPD"":""341.6033328340468"",""GM"":""1073.0915898907699"",""GPK"":""602.68181844219021"",""HBAN"":""1343.4549255255874"",""HOLX"":""511.03386076556859"",""HUBB"":""18.719875002799526"",""HUM"":""92.542239854601775"",""JBL"":""57.507289501790147"",""KNSL"":""16.586749748605587"",""LAZ"":""452.57637803643223"",""LEN"":""379.73963340608327"",""LNG"":""95.054109327683321"",""LRCX"":""9.6549198206891251"",""MOH"":""20.604042477520284"",""MOS"":""413.78411706188092"",""MUSA"":""46.550879422602392"",""NI"":""529.52263609381464"",""NVR"":""6.51564913444484"",""OC"":""47.561392765733416"",""ONTO"":""53.290647857201087"",""PEN"":""18.039765610440654"",""PFE"":""394.83217276897034"",""PFG"":""190.96049706178573"",""PHM"":""79.901670390424954"",""PK"":""1129.6758266119994"",""PRI"":""31.385324413067408"",""SAIA"":""18.126695353313895"",""SMCI"":""24.901752280554508"",""SO"":""88.352480511433612"",""SSD"":""44.814164302730767"",""SYY"":""195.18118729334003"",""TOL"":""78.497050157179856"",""UAL"":""377.0586085856396"",""V"":""235.22341166984137"",""VLO"":""123.46499656577862"",""WMB"":""443.83831128304718"",""WSM"":""330.65695785670522"",""WTM"":""10.427201256500298"",""WU"":""3527.5713304508172""}",3dce05aff5472f0261f1aa1609b7dbd118956abb950820974c4217e2b2a7c42c
us_candidate_B,0,7,2024-06-28,1483971.5253039985,0,0.68943568884479067,0,"{""AAL"":""1134.7091856178095"",""ALSN"":""1034.1589821410023"",""AMG"":""102.96462957593913"",""AMP"":""41.047058448223424"",""ANET"":""28.371687360055141"",""APG"":""193.11607197013254"",""BKNG"":""4.3952459138110136"",""BLD"":""17.853406963518907"",""BLDR"":""306.86028927325492"",""BPOP"":""81.416060560090003"",""BRBR"":""120.5451215978096"",""CF"":""196.11200264639876"",""CHRW"":""515.63190879859451"",""CNM"":""551.16853008055659"",""COF"":""50.959549192850716"",""COKE"":""7.1971306442983476"",""CROX"":""476.88085431014434"",""CSL"":""49.902071537268192"",""CTRA"":""610.92884836946325"",""DAL"":""387.54422596044503"",""DINO"":""280.56332932137309"",""DOW"":""284.29803447098288"",""DVA"":""425.2142096325943"",""DXCM"":""53.846531470437469"",""EEFT"":""153.62010257551191"",""ELF"":""46.292199599325109"",""EPR"":""321.79368855291438"",""EQH"":""468.19532163329438"",""EXPE"":""146.73377890872447"",""GDDY"":""62.940995574289623"",""GM"":""1240.1291926812523"",""GPK"":""632.49104301779732"",""GRMN"":""51.982387507130746"",""HBAN"":""1225.7000165399922"",""HLT"":""36.695129277646139"",""HRB"":""920.93116810234824"",""ISRG"":""19.806189501323765"",""ITT"":""55.999129149904341"",""KNSL"":""46.55251921527784"",""LEN"":""343.71481945301377"",""MCHP"":""172.88649601229432"",""MOH"":""184.93305167768915"",""MOS"":""436.35332242901495"",""MUSA"":""43.725892445559516"",""NBIX"":""50.712022542247922"",""NEU"":""12.241569884701438"",""PFE"":""541.5388749700835"",""PFG"":""198.18106279889034"",""PHM"":""496.29196561981371"",""PR"":""491.31000662989607"",""PSX"":""50.186390943116919"",""RCL"":""51.601020080057033"",""RITM"":""1459.8224916094291"",""ROP"":""12.25638991537793"",""SNX"":""144.88341427737851"",""SON"":""279.05681421851983"",""SSB"":""184.61698295309299"",""SSD"":""33.749954996295514"",""THC"":""589.45931720405702"",""TOL"":""498.36809700629601"",""UAL"":""377.86970941320175"",""UBER"":""108.52389297005986"",""V"":""171.09829307129087"",""VZ"":""1181.5766737695114"",""WING"":""26.041843051549563"",""WU"":""3737.0336074757201""}",91876d64ba49a214a1659ec9369e2d14bdea35aadb64d89ec6c905d82d037060
us_candidate_B,0,8,2024-12-31,1575499.1713906722,0,0.49208011241779898,0,"{""ACGL"":""245.14678119800413"",""ADM"":""454.60635520754784"",""AGCO"":""280.76168954123693"",""ALSN"":""362.06790740838295"",""AM"":""3038.9386228523008"",""ANET"":""21.170559308719447"",""APO"":""146.63336265390572"",""APP"":""89.159548504205631"",""ARW"":""227.56669569639175"",""AXP"":""74.770032945569625"",""BG"":""257.38460403012334"",""BYD"":""812.95744647627794"",""CAVA"":""79.998464975956793"",""CCL"":""924.83980387535507"",""CE"":""203.72862460001684"",""CF"":""370.76300826087783"",""CNH"":""2712.8286448466206"",""CNM"":""561.52337908247387"",""CPAY"":""64.986303549216032"",""CPNG"":""826.3962352528232"",""CROX"":""188.30309834381436"",""CRS"":""67.711787064427753"",""CRWD"":""19.363390554346388"",""CVNA"":""192.14464539361899"",""DAL"":""364.94521771809963"",""EEFT"":""167.2753732226729"",""EME"":""20.323922500602588"",""EOG"":""355.87475411808146"",""EXPE"":""137.41567686758194"",""F"":""1380.6220995651233"",""FANG"":""37.064077259203721"",""FRHC"":""229.61539958284675"",""FTAI"":""71.876950755787973"",""GL"":""210.41566758078082"",""GM"":""591.49707645923945"",""GMED"":""108.33490475281053"",""GRMN"":""45.542951304443861"",""HALO"":""472.36170273236519"",""HLT"":""34.00484705096239"",""HOG"":""819.34866345546413"",""HOOD"":""326.72204432056327"",""HWM"":""95.579771048821243"",""ISRG"":""16.67945965273686"",""KEX"":""61.971582949302537"",""KKR"":""70.504158366780629"",""KNSL"":""44.936153261385606"",""KO"":""388.57594273474689"",""LEA"":""151.58918771164213"",""MGM"":""618.38330720738679"",""MIDD"":""224.13305743655712"",""MPC"":""258.20818135141178"",""MTB"":""114.38293557443608"",""NEU"":""53.30208152587673"",""NUE"":""173.84206839762314"",""OLLI"":""75.581721773657861"",""OLN"":""582.8410216817872"",""PEG"":""335.58831418000864"",""RGA"":""36.146819440346825"",""RNR"":""77.459626542645282"",""RYAN"":""128.12739814401647"",""SFM"":""88.690624271097221"",""TGT"":""116.94812975240913"",""THC"":""262.35294143288172"",""TOL"":""238.59137152540603"",""UTHR"":""23.292599675153014"",""V"":""104.70131509237729"",""VICI"":""604.50422934869573"",""VLO"":""110.44272217751114"",""VOYA"":""243.33100672588398"",""VRT"":""85.709340724500322"",""VST"":""86.297483444056667"",""VZ"":""666.36649302367277"",""WCC"":""173.35953931552024"",""WFC"":""124.93446079339944"",""WFRD"":""141.38833098037276"",""WSC"":""459.96283550867815"",""WU"":""2248.8505869309547""}",c763eb491c1e53ede3aa4c8cfcda865b35bf4dc18bc445ac6aa32f60201b9b55
us_candidate_B,0,9,2025-06-30,1603600.2705672826,0,0.66329227648546529,0,"{""ACGL"":""199.03436563318363"",""ADM"":""623.71305280707531"",""AIZ"":""86.205907823958853"",""ALSN"":""72.899276855019068"",""AM"":""3306.2165072258422"",""AME"":""43.700742577129482"",""AMP"":""34.522516887148562"",""APO"":""47.69614832255607"",""APP"":""24.32602247152321"",""ARW"":""278.55360173102406"",""AXON"":""13.254636991777762"",""BLDR"":""220.45745069483974"",""CCL"":""316.11139072846549"",""CE"":""455.28078930520803"",""CF"":""369.31532381403474"",""COF"":""44.176176855952001"",""CORT"":""156.33053893537129"",""CROX"":""455.49901482733458"",""DAL"":""434.02181030046063"",""DOCS"":""147.54627939601724"",""DTM"":""79.226549903986324"",""DVA"":""210.6986521418485"",""DVN"":""962.72482211467911"",""EEFT"":""178.73224101735227"",""EOG"":""407.0060947465978"",""EXEL"":""236.56143714574657"",""EXPE"":""98.646614427223241"",""F"":""1856.6488551741925"",""FITB"":""434.7403894565872"",""FLS"":""136.95229236706118"",""FOUR"":""75.905722267810361"",""FRHC"":""140.64445379313267"",""FTNT"":""83.377390526602028"",""GEN"":""671.32299730549698"",""GL"":""164.82087218637471"",""GM"":""591.51461287429026"",""GRMN"":""38.192067569831089"",""HAL"":""1158.881332394757"",""HOG"":""1045.8009766947707"",""HOOD"":""704.73213964513866"",""ISRG"":""15.092144717896696"",""JPM"":""76.679419574588067"",""KNSL"":""39.517605113031856"",""KO"":""126.52579275543464"",""LEN"":""231.06242889061701"",""MGM"":""1439.850132584068"",""MIDD"":""232.63184516658137"",""MPC"":""357.6401942224943"",""MTB"":""139.66448339544635"",""MTSI"":""60.638102201165118"",""NOV"":""1258.9605250838704"",""NSA"":""484.85422490700364"",""OLN"":""932.24803040868187"",""OVV"":""778.02428216823319"",""PEG"":""217.55028602467166"",""PEP"":""120.87875618982314"",""RCL"":""34.147539368647799"",""RNR"":""73.874939376329351"",""SJM"":""166.91630644955055"",""SLGN"":""605.37912445366851"",""SLM"":""285.62349009983177"",""SYF"":""121.19224395312861"",""TDC"":""1011.5564503310898"",""THC"":""249.62357147915267"",""UAL"":""81.127660730724614"",""UNH"":""15.572482222261812"",""UNM"":""107.86657342124278"",""UTHR"":""22.325971706590412"",""V"":""99.702516858035196"",""VICI"":""629.26476091148606"",""VLO"":""149.9373820558325"",""VOYA"":""267.04668990592052"",""VST"":""57.137128142114747"",""VZ"":""787.94657233842065"",""WAT"":""21.234287177080596"",""WFRD"":""256.60789705744111"",""WU"":""2972.6399460201364""}",0de6f2b889fde0775d421825c3fbbc8ed8f248afed81008a0a0a6de065d7aa0f
us_candidate_B,0,10,2025-12-31,1708435.789748939,0,0.5479513162198667,0,"{""ALK"":""378.1056957009896"",""APA"":""1906.0074055284219"",""ARMK"":""191.49752454827831"",""BLDR"":""298.74775428155658"",""BPOP"":""72.752031148139125"",""BYD"":""102.4926671716274"",""CAH"":""47.726198528788167"",""CCL"":""665.31542757058901"",""CF"":""378.92255920776995"",""CI"":""24.254344947777884"",""COF"":""37.685661556854733"",""CROX"":""344.20295662633129"",""CRS"":""29.0107871511557"",""CVNA"":""23.795113226603789"",""DAL"":""708.84252637484417"",""DASH"":""32.526069339322596"",""DRS"":""172.50433203176448"",""DUK"":""158.54804934987257"",""DVA"":""376.05858385679051"",""DVN"":""1095.9093193057163"",""EEFT"":""343.86343901277212"",""EOG"":""291.45452259104451"",""EQH"":""142.92337527337634"",""EVRG"":""271.41549141571102"",""EXEL"":""181.89658241461916"",""EXPE"":""317.58089441783136"",""FITB"":""454.86675962278048"",""FNF"":""333.72582631617843"",""FTI"":""543.22502390490604"",""HAL"":""1710.5434468653011"",""HALO"":""359.64378745261365"",""HEI"":""24.445126075720768"",""HLT"":""30.104382942240793"",""HOG"":""1477.1557392845268"",""HOOD"":""285.44986837681699"",""HWM"":""43.077426276454162"",""IBKR"":""337.64067538864759"",""INGR"":""257.04818940506442"",""IRDM"":""620.10837995641236"",""ITT"":""51.125431058065494"",""JPM"":""27.65686369161606"",""KDP"":""242.52877655282552"",""KNSL"":""38.662264565581658"",""KO"":""113.32864102948993"",""LAZ"":""389.9264239951014"",""LNC"":""540.7130006729758"",""LVS"":""429.98551650850294"",""MELI"":""3.0677645086857788"",""META"":""25.347409968005206"",""MGM"":""1013.692220038233"",""MPC"":""48.269227336321784"",""MRK"":""236.339942183994"",""MUSA"":""45.989847156551036"",""NEM"":""137.62446537652613"",""NFLX"":""5.9874704866864397"",""NRG"":""49.931506743283173"",""NVR"":""2.5331073760889296"",""OC"":""253.49676735831031"",""OMC"":""484.58264452481006"",""PEP"":""141.68941096095853"",""PGR"":""70.106684491062595"",""PLTR"":""58.81749818688683"",""PODD"":""25.52040662307089"",""RCL"":""25.605164951256349"",""SLB"":""1031.3868475477764"",""SYF"":""280.32169348643936"",""TDC"":""1562.5672544650308"",""UAL"":""234.94499338546984"",""V"":""98.18582015804769"",""VIRT"":""417.6974731700148"",""VST"":""137.90140434508731"",""VZ"":""805.65924305788849"",""WELL"":""52.156386865520155"",""WEN"":""3052.6160636703007"",""WFRD"":""371.86781600645918"",""WMT"":""191.33432013995667"",""WU"":""4140.2464901561561"",""XOM"":""173.54981283195698"",""YETI"":""1105.9922413424758""}",184300c54456c334b2f5b9f993884afad04defd916b88e0f460b6e378a87958f
us_candidate_B,0,11,2026-06-30,2021735.5022424629,0,0.62656481277873943,0,"{""AMG"":""29.631535135093298"",""AMTM"":""294.55789478429983"",""C"":""73.204035896346696"",""CCL"":""652.64410217433829"",""CF"":""613.60938343998328"",""CHTR"":""227.33676510298591"",""CI"":""72.418525888908519"",""CIEN"":""36.525330092550114"",""COHR"":""46.281513511105246"",""CROX"":""787.98293493513324"",""CRUS"":""168.20042937050036"",""CVNA"":""20.241170913095814"",""DAL"":""683.81195555112834"",""DTM"":""71.375158328414898"",""DUK"":""170.0516242675906"",""DVA"":""593.1546571221952"",""DVN"":""1528.7668212938302"",""EEFT"":""623.52581415383406"",""EOG"":""451.92409975476914"",""EVR"":""58.579723381055963"",""EVRG"":""274.95862712655941"",""EXPE"":""100.50449976756551"",""FIVE"":""45.350281103974808"",""FLS"":""123.12163373803251"",""FNF"":""365.11725371687652"",""FOUR"":""1070.1651674710592"",""FOX"":""131.55981747643145"",""FOXA"":""116.90405020863139"",""FTI"":""639.00201591447455"",""GM"":""105.04401068303856"",""GMED"":""97.837349086527254"",""GS"":""9.7180647881054547"",""HALO"":""296.1627173908513"",""HHH"":""249.86524859476361"",""HOG"":""2316.083441446965"",""HRB"":""1088.952494613316"",""IBKR"":""309.9323725766489"",""INCY"":""86.485561898802217"",""KBR"":""495.81469851751967"",""KNSL"":""50.960704848650778"",""LAZ"":""410.45615486829263"",""LHX"":""29.097588134839032"",""LITE"":""23.175286765090469"",""LNC"":""639.43251356723522"",""LRCX"":""49.901734716349424"",""LVS"":""437.4547523298354"",""LW"":""1132.884929941473"",""MGM"":""1300.5357554192465"",""MU"":""99.765004131421406"",""MUSA"":""49.39470380750469"",""NEM"":""85.550114659436105"",""NLY"":""1273.431566598792"",""OC"":""424.05995635107058"",""PEP"":""138.87786287907113"",""PFG"":""225.95795125727574"",""PGR"":""87.527449852469232"",""PR"":""1420.6522366645968"",""QSR"":""417.32272943205317"",""RDDT"":""37.160912466805996"",""SYF"":""238.90388206165997"",""TDC"":""1559.0193730370665"",""V"":""135.3156445931063"",""VIRT"":""598.19180313338211"",""VLO"":""52.473609857759662"",""VZ"":""1165.1497597654877"",""WELL"":""46.02219141611279"",""WU"":""5097.3737610363378""}",22c0b807448a1bd818d1970187c2aeaf755a31dffcf8cea7e2b94c5cf6973b0e
us_candidate_B,0,12,2026-07-16,2083088.4565353368,0,0,0,"{""ACN"":""280.11498440495666"",""ADBE"":""170.02004028559557"",""ADT"":""5362.6936399004317"",""AKAM"":""85.514571620102473"",""AMT"":""144.20073480973736"",""APA"":""310.36774673663837"",""ARMK"":""177.65689826383678"",""BAH"":""574.54275027777817"",""BPOP"":""61.570699909930028"",""CACC"":""37.043242442486317"",""CBOE"":""138.85355298982591"",""CF"":""217.87284493653002"",""CHTR"":""245.11292215282188"",""CIEN"":""20.606403928596528"",""COHR"":""25.625972852719627"",""CPB"":""1565.2226609498341"",""CRUS"":""158.80235772455893"",""CTSH"":""900.01313347154155"",""CVNA"":""358.35481909493683"",""D"":""345.39338399222049"",""DAL"":""372.17070958096099"",""DDOG"":""38.825770130635703"",""DELL"":""23.429002714532778"",""DLTR"":""195.01375934542156"",""DOX"":""689.70139808770887"",""DVN"":""843.5989510975993"",""DXCM"":""350.21401919567546"",""ECG"":""60.91399524683527"",""EEFT"":""476.26053640323545"",""EQT"":""443.61320656063077"",""EVR"":""69.080699955566828"",""EXE"":""258.65680658875687"",""EXPE"":""136.2259991376927"",""FAF"":""343.88269708162613"",""FOX"":""503.56349685800035"",""G"":""1267.545769431011"",""GAP"":""1866.0336541409424"",""GDDY"":""410.66810390377952"",""GEN"":""1400.4623808498513"",""GL"":""56.574196951042715"",""GLW"":""39.575138046479708"",""HALO"":""301.35319014729447"",""HEI-A"":""39.194593118577451"",""HPE"":""224.08950368460015"",""HRB"":""915.37575260905476"",""IBKR"":""270.98936342863897"",""INTU"":""133.55367302434024"",""IT"":""268.92075805703445"",""JAZZ"":""41.949941948011421"",""KEY"":""1023.2934573895332"",""KLAC"":""193.71059246356285"",""KNSL"":""71.516673820771771"",""LAMR"":""64.807523472318977"",""LITE"":""11.780851585218182"",""LNT"":""132.50330988612285"",""LRCX"":""23.327896778926714"",""LULU"":""305.28558994003151"",""LW"":""807.2605062379065"",""LYFT"":""1614.4362897213375"",""MELI"":""20.535945574884263"",""MKSI"":""22.72634332556725"",""MPC"":""92.255306421671449"",""MU"":""8.7574851304371624"",""MUSA"":""18.7590281723093"",""NEM"":""252.53655452707429"",""NI"":""496.04446252005761"",""NVT"":""59.599537239622144"",""OMF"":""386.86098397291681"",""PEG"":""290.62240257305001"",""PGR"":""107.97397204316201"",""PNFP"":""334.01657121372966"",""PYPL"":""807.2605062379065"",""RNR"":""106.32878417179253"",""SNX"":""37.812065202410089"",""TDC"":""1005.9887058976278"",""TER"":""20.89260398316037"",""THC"":""186.32407878636306"",""V"":""101.59873111822789"",""VIRT"":""565.6469985570094"",""VLO"":""38.813843922639812"",""VRT"":""30.191378983371102"",""VZ"":""823.27606658839863"",""WTM"":""11.376014253386359"",""WU"":""4526.949176539325""}",2a34899dda91b607e3846d196baedba1c102d9b0b6f2b302b3e60ae753a6572c
us_candidate_B,10,1,2021-06-30,1000000,1000000,0,18237.056742417411,{},44136fa355b3678a1146ad16f7e8649e94fb4fc21fe77e8310c060f61caaff8a
us_candidate_B,10,2,2021-12-31,1093688.3692057927,1.7098500393331051e-10,0.52329393617084852,18237.056742417411,"{""ACGL"":""299.30692488473693"",""ACI"":""592.82867014301405"",""ALGN"":""8.1751309247217598"",""ALLY"":""100.22080648083858"",""ALSN"":""698.28957599465912"",""AMKR"":""492.39592965828712"",""BJ"":""349.9372982349023"",""BOKF"":""134.58443019643946"",""CBOE"":""97.90013989929993"",""CBSH"":""156.31721640305332"",""CELH"":""65.646011236759037"",""CHRD"":""49.676827399353506"",""CNC"":""159.81093726877356"",""CNP"":""203.71145982891497"",""COF"":""32.290419516484555"",""COKE"":""28.983193631441715"",""CRL"":""13.502933053106064"",""CROX"":""42.8682200051922"",""CSX"":""865.02580268166321"",""DKS"":""443.15844295882232"",""DTE"":""89.930645486201058"",""DUK"":""50.597700516663245"",""ELV"":""72.682105159842209"",""EPAM"":""9.7757260744578733"",""EVR"":""82.794712332255841"",""EXP"":""82.014014882919255"",""F"":""336.13761742967665"",""FAF"":""445.06860866123105"",""FNF"":""638.51881615342279"",""FRHC"":""178.89503691499087"",""GL"":""122.36232708673656"",""GM"":""468.98813165502372"",""GMED"":""64.426737972462206"",""GNRC"":""12.031807768288559"",""GOOG"":""1.9929637855521223"",""GS"":""13.161028100558575"",""HOLX"":""174.68542648398767"",""HRB"":""496.38039416574344"",""IBM"":""189.30368886027529"",""JEF"":""146.05277763172501"",""LAZ"":""257.56931834279902"",""LLY"":""21.762831104064983"",""LOPE"":""308.4364538182478"",""LPX"":""193.31583438400492"",""MO"":""244.4423585363183"",""MOH"":""109.6578983246177"",""MRNA"":""21.25714952338495"",""MUSA"":""208.06798942811542"",""NUE"":""52.069269206765298"",""NVDA"":""6.2429758717722725"",""OMC"":""346.91871171431126"",""PAG"":""367.59872499705602"",""PB"":""162.32606761854674"",""PEG"":""195.09560855392795"",""PGR"":""118.67438809705384"",""PHM"":""508.52167399721009"",""PRI"":""76.106906458219001"",""QXO"":""410.43590755998315"",""RH"":""7.3564138365316571"",""ROKU"":""10.876439836701133"",""SGI"":""297.39759262596726"",""SYF"":""102.9473411996083"",""THC"":""74.563442230258175"",""TRGP"":""112.37356569190089"",""URI"":""86.987955706804669"",""V"":""118.68115537604891"",""VIRT"":""421.82452605905382"",""VRTX"":""57.803956033386186"",""VZ"":""495.27088613292443"",""WCC"":""48.580091373322269"",""WSM"":""246.82141813366371"",""WTM"":""10.152183875867056"",""WY"":""338.61161112758884"",""YETI"":""54.399967272979694""}",eab93deadc69fcc89847b196dec02a60bbc1a3efb35b07090a3fd2cdff351949
us_candidate_B,10,3,2022-06-30,947669.97082956333,1.255102688446641e-10,0.78534399079699446,18237.056742417411,"{""ACGL"":""286.82762801993601"",""ACI"":""422.30831618039605"",""ALSN"":""1156.459604352247"",""AZO"":""2.6038125153085838"",""BJ"":""271.88434499707211"",""BLDR"":""63.686927067643943"",""BOKF"":""51.745250914473054"",""BPOP"":""66.535915638319864"",""CACC"":""7.9377130627148711"",""CHH"":""34.993310590215792"",""CHRD"":""43.325712508673405"",""CMS"":""195.9952046961746"",""COKE"":""20.590591039077111"",""CWEN-A"":""163.04081597872647"",""DKS"":""365.57358568748748"",""DTE"":""106.65457642200231"",""EBAY"":""191.72162504490461"",""EVR"":""93.849746525477784"",""EW"":""42.135133299635363"",""EXC"":""94.50496050844464"",""EXP"":""76.591902351833212"",""F"":""262.81206157764865"",""FAF"":""537.35531916405694"",""FDX"":""49.294339875835746"",""FNF"":""805.62105439256766"",""FTNT"":""15.188109401691047"",""GL"":""136.03807154808106"",""HD"":""13.152951781807094"",""HOLX"":""166.52936344678889"",""HPE"":""808.46468392429665"",""HPQ"":""144.90593360678955"",""HRB"":""541.14974811061791"",""IBM"":""314.50925196920679"",""INTU"":""8.4863756086063269"",""KEY"":""551.21003309494847"",""KLAC"":""12.691187182273747"",""LAD"":""42.934797324418781"",""LAZ"":""292.21838334829607"",""LBTYK"":""194.32561477279324"",""LITE"":""120.53973778468524"",""LOPE"":""490.45976686739215"",""LOW"":""21.118100119807188"",""LPX"":""232.39431505365565"",""MOH"":""172.24218650556571"",""MSFT"":""16.230395215769988"",""MUSA"":""210.98828858765398"",""NEE"":""58.468364599054865"",""NSA"":""78.88159709490985"",""OMC"":""573.73149472095236"",""ON"":""80.368176074319223"",""ONTO"":""53.92281457046095"",""PAG"":""392.06590764973123"",""PB"":""176.34146701917231"",""PGR"":""124.2034882171082"",""PLD"":""32.422229264479455"",""PRI"":""83.183193485262322"",""REGN"":""20.188573703898779"",""SFM"":""1845.916262927572"",""SGI"":""271.09266564929101"",""SNPS"":""14.813043470740196"",""TOL"":""251.52776052567924"",""TSLA"":""5.16531966820697"",""V"":""193.97954232939955"",""VIRT"":""442.2299016817953"",""VZ"":""809.03207502317355"",""WSC"":""133.6583378787405"",""WSM"":""75.382771036989766"",""WY"":""309.60388697149483""}",02bb9f035224db76b5bbe5ad8e7c449c9738bbc7f6251a29500ce2bf052a5616
us_candidate_B,10,4,2022-12-30,1077830.3357627147,1.6507328837178648e-10,0.58379894278219135,18237.056742417411,"{""ABBV"":""72.060462693354964"",""ACI"":""632.51970570075457"",""ADM"":""60.939209042164904"",""AJG"":""29.004432174141293"",""ALLY"":""329.35781755041023"",""ALSN"":""439.55595673144762"",""AN"":""98.754299088352226"",""AXP"":""79.618961665807575"",""BDX"":""19.181773502908353"",""BIDU"":""31.795082509729017"",""BLDR"":""520.25525144205596"",""BYD"":""221.84483348973359"",""CE"":""143.70314204850064"",""CF"":""183.89902120361882"",""CLF"":""718.07289955200042"",""CMS"":""70.057520321066605"",""CNH"":""952.26751217551725"",""COF"":""105.92936429709421"",""COP"":""122.89032920737385"",""CROX"":""347.25552776503309"",""DHR"":""18.652897687251482"",""DKS"":""224.23943925068542"",""DLTR"":""30.342525644350314"",""DVA"":""211.36726533672038"",""EA"":""38.872853445721297"",""ED"":""49.7253693130599"",""ENPH"":""24.220869809834031"",""ETSY"":""150.75509446952938"",""FAF"":""319.36747045208165"",""FCN"":""26.148093014498183"",""FCX"":""377.19687170588668"",""FNF"":""457.27615087457144"",""GM"":""532.14504207569769"",""HALO"":""107.47460503799992"",""HOG"":""348.60329962458133"",""HRB"":""312.47962814592995"",""HUN"":""596.15261151055245"",""KO"":""75.16901322002856"",""LAD"":""61.500405867050546"",""LOPE"":""179.4344042501769"",""LPLA"":""25.633578825195123"",""LPX"":""210.58539336222566"",""M"":""602.44434858702209"",""MCD"":""19.154579640602709"",""MCK"":""14.496436717672655"",""MOH"":""60.444642667730626"",""MRNA"":""77.261326329116173"",""MUSA"":""72.576658806734059"",""NLY"":""1867.4755441817674"",""NRG"":""731.92839933032235"",""NUE"":""105.70616287821325"",""NVR"":""4.2208630408337777"",""OLN"":""238.47840246573563"",""OXY"":""80.313903221331458"",""PAG"":""206.608168478328"",""PFE"":""532.85727641499921"",""PPC"":""151.42115343170016"",""PRU"":""115.3509664100569"",""REGN"":""47.261527925225259"",""RF"":""252.20707315583979"",""RGA"":""40.317867010589104"",""RH"":""79.623699879035911"",""RITM"":""1184.2039126732022"",""RS"":""27.839883561003155"",""SAIC"":""181.53519373065694"",""SFM"":""667.49314914392426"",""SGI"":""790.87162079195889"",""SYF"":""399.59378950449837"",""THC"":""321.55491887983561"",""TRGP"":""79.250588598491646"",""UNM"":""139.00301651005279"",""V"":""85.839435910021649"",""VLO"":""44.494567384945391"",""VRTX"":""16.781584235324164"",""VST"":""206.95328760052499"",""WAT"":""14.28751774026224"",""WEC"":""109.6659426283212"",""WHR"":""109.12976390730394"",""WMB"":""505.14780800340378"",""WSM"":""152.32921619039038"",""WY"":""333.23612518460891""}",1d831f35c21af4022b3cf459572cc72074bd3078cac1780c2235b5635982ea9f
us_candidate_B,10,5,2023-06-30,1235796.7880918821,9.6406438387930393e-11,0.71411339478858371,18237.056742417411,"{""ABBV"":""77.746842193371123"",""ACGL"":""85.691857470899038"",""ACI"":""1441.996757480686"",""ALLY"":""513.89231766342368"",""ALSN"":""718.91857572474578"",""AME"":""38.50368459793188"",""AMKR"":""224.34256930871734"",""AMP"":""17.277627298786143"",""AN"":""117.09848244986681"",""APA"":""115.24710394222454"",""ARMK"":""130.13388514811422"",""AXON"":""32.421712842903887"",""AXP"":""85.04004850673914"",""BLDR"":""654.61898762361488"",""BOKF"":""51.83288189635843"",""BX"":""169.35796154293985"",""BYD"":""230.41751635559706"",""CAT"":""22.456732392816171"",""CE"":""292.51773034183708"",""CF"":""147.47261932946839"",""CLF"":""779.92968137000048"",""COP"":""106.48023022771787"",""DBX"":""561.4239127288073"",""DOW"":""249.34842561759689"",""DVA"":""400.5224688649983"",""ED"":""56.444599853352656"",""EXPD"":""287.78880629474043"",""FAF"":""571.39879155807068"",""FCX"":""472.22110470773026"",""FNF"":""794.97641547446642"",""GL"":""44.626584919311838"",""GLPI"":""103.27768884667002"",""GM"":""889.03129459421598"",""GS"":""36.59114440815047"",""HAL"":""136.7149888697088"",""HOLX"":""399.77292808647803"",""HUM"":""58.390465940665422"",""HUN"":""1088.3192412718131"",""INTC"":""1131.5555334903302"",""KO"":""84.573727590363802"",""LBTYA"":""284.19095678938413"",""LPLA"":""24.886593014863497"",""LPX"":""212.24099944038358"",""LVS"":""111.91459979244938"",""M"":""608.45845844410212"",""MKSI"":""148.29065463083569"",""MPC"":""46.221623954145905"",""MRK"":""48.487920793357745"",""MRNA"":""69.951381621593967"",""MUSA"":""106.98652339611299"",""NLY"":""851.25246579192367"",""NUE"":""136.13839601618807"",""NVR"":""6.4837927472584598"",""OKE"":""81.883330472192412"",""OLN"":""237.33787621591819"",""OMF"":""377.20405784661381"",""ON"":""201.45369836252539"",""PAG"":""260.21937483815736"",""PCG"":""330.85699950941211"",""PDD"":""65.968544598688439"",""PFGC"":""92.134523240675492"",""PVH"":""177.99500165562696"",""RITM"":""1537.9029580013107"",""ST"":""311.1606529685663"",""SYF"":""382.36966423830518"",""TPL"":""2.2948835276500352"",""TRGP"":""73.193670911878115"",""V"":""204.42664573074765"",""WEC"":""134.00882217225583"",""WSM"":""260.24201836189894"",""WTW"":""21.995808373632517"",""WY"":""405.31184409260311"",""ZM"":""79.41740200800777""}",d3af53a5bf3fa916a646553fdccb2f5b828ccdf694c028ffd0e3b7a41decd93d
us_candidate_B,10,6,2023-12-29,1328579.5839990105,3.637978807091713e-11,0.51299278846919083,18237.056742417411,"{""AAL"":""1146.006305341409"",""ACGL"":""82.392104797298856"",""AEE"":""176.22510191927338"",""ALSN"":""728.94961884260738"",""AMG"":""96.019107837394486"",""AMGN"":""64.824358498095023"",""AMP"":""43.32943182125198"",""APG"":""226.23070594562799"",""BJ"":""228.41301497773463"",""BKNG"":""5.3298315664185703"",""BLD"":""23.18265184601842"",""BLDR"":""453.79300439469478"",""CF"":""207.32215606089107"",""CHRW"":""436.2108688908703"",""CLH"":""37.505619680580303"",""CNM"":""196.77884633305104"",""COF"":""56.387026095618715"",""CROX"":""366.03073176675218"",""CSL"":""56.103785419822479"",""DAL"":""432.46430622265206"",""DHI"":""50.678355198272818"",""DINO"":""322.62506329852181"",""DOW"":""270.22726387057941"",""DVA"":""409.63964845081728"",""ELF"":""53.987998284844778"",""ELV"":""92.634305250745257"",""EQH"":""529.90810286255737"",""EQT"":""149.94040953264818"",""EXP"":""33.081477545745201"",""EXPD"":""339.77128275285736"",""GM"":""1067.3365010335481"",""GPK"":""598.93067306479645"",""HBAN"":""1335.0931422770927"",""HOLX"":""508.29313918554544"",""HUBB"":""18.600099662437625"",""HUM"":""92.045927313876533"",""JBL"":""57.139340721558597"",""KNSL"":""16.480622779470391"",""LAZ"":""449.75950230459557"",""LEN"":""377.651779777603"",""LNG"":""94.462484075525452"",""LRCX"":""9.5931447656998721"",""MOH"":""20.472211672015067"",""MOS"":""411.20868782134454"",""MUSA"":""46.261142598267682"",""NI"":""526.22683999075161"",""NVR"":""6.4807051090844068"",""OC"":""47.257080797531181"",""ONTO"":""52.94967840712475"",""PEN"":""17.924341812700749"",""PFE"":""392.37470211960357"",""PFG"":""189.77194190067323"",""PHM"":""79.390435685862755"",""PK"":""1122.6446235372121"",""PRI"":""31.18451175201163"",""SAIA"":""18.010715353166727"",""SMCI"":""24.74242344665123"",""SO"":""87.787175004666466"",""SSD"":""44.527429921139493"",""SYY"":""193.9663621798795"",""TOL"":""77.994802631564696"",""UAL"":""374.69205609303322"",""V"":""233.90937996294707"",""VLO"":""122.6965394181335"",""WMB"":""441.07582205783194"",""WSM"":""328.88361419093508"",""WTM"":""10.362301426116113"",""WU"":""3508.6526410787392""}",f365ed8288bedf840256f5a51c578a67a924d43bebd12730619f210b0efd1ee2
us_candidate_B,10,7,2024-06-28,1473904.1085659615,6.6393113229423761e-11,0.79524681970108269,18237.056742417411,"{""AAL"":""1127.0237439133195"",""ALSN"":""1027.2072838067998"",""AMG"":""102.26724502290988"",""AMP"":""40.769044681486484"",""ANET"":""28.170718126002431"",""APG"":""191.74814525591998"",""BKNG"":""4.3654766948114334"",""BLD"":""17.726943370530734"",""BLDR"":""304.7878467584236"",""BPOP"":""80.839354524854784"",""BRBR"":""119.69124708379636"",""CF"":""194.78372630652845"",""CHRW"":""512.17498914222017"",""CNM"":""547.38411450690046"",""COF"":""50.598580123969128"",""COKE"":""7.1461501786458772"",""CROX"":""473.68373099236061"",""CSL"":""49.564082326822046"",""CTRA"":""606.79099691884846"",""DAL"":""384.91936965868786"",""DINO"":""278.66305994905542"",""DOW"":""282.37246975508771"",""DVA"":""422.36347185945397"",""DXCM"":""53.465112626761481"",""EEFT"":""152.57962598649141"",""ELF"":""45.964291435879396"",""EPR"":""319.61416390854509"",""EQH"":""465.02421145252288"",""EXPE"":""145.72628017144638"",""GDDY"":""62.495156611292693"",""GM"":""1231.8150699330845"",""GPK"":""628.20714975127839"",""GRMN"":""51.614173221213882"",""HBAN"":""1217.3982894158028"",""HLT"":""36.435201416084531"",""HRB"":""914.75702526351881"",""ISRG"":""19.665893484274459"",""ITT"":""55.602462502973786"",""KNSL"":""46.237216689167269"",""LEN"":""341.39347247618917"",""MCHP"":""171.71552718306731"",""MOH"":""183.68323428418876"",""MOS"":""433.3978796912682"",""MUSA"":""43.429734803031778"",""NBIX"":""50.352806814320225"",""NEU"":""12.154857420542717"",""PFE"":""537.87100525769404"",""PFG"":""196.83877261178353"",""PHM"":""492.94015828183717"",""PR"":""487.82984013638475"",""PSX"":""49.830898496731507"",""RCL"":""51.235507188623302"",""RITM"":""1449.9350413266866"",""ROP"":""12.169572474374659"",""SNX"":""143.90211171237814"",""SON"":""277.16674854786135"",""SSB"":""183.36656295285979"",""SSD"":""33.510889109277869"",""THC"":""585.5074409421253"",""TOL"":""495.00226809856241"",""UAL"":""375.31037909280207"",""UBER"":""107.75517014544148"",""V"":""169.95120918761819"",""VZ"":""1173.6551011139627"",""WING"":""25.857377137168701"",""WU"":""3711.9796402681495""}",9d28026afe259094b8e9613ebfcbbbef6b851782e23ab4bde1ce1076846ccd1c
us_candidate_B,10,8,2024-12-31,1562320.5388467002,1.2369127944111824e-10,0.53964523925892405,18237.056742417411,"{""ACGL"":""243.05819673013337"",""ADM"":""450.88704156505781"",""AGCO"":""278.46466757874691"",""ALSN"":""359.10568725438401"",""AM"":""3013.6707641026915"",""ANET"":""20.990516057513215"",""APO"":""145.38312357301538"",""APP"":""88.401298580115736"",""ARW"":""225.70488292984223"",""AXP"":""74.132521702724787"",""BG"":""255.27883921146153"",""BYD"":""806.19795032438606"",""CAVA"":""79.31812472061705"",""CCL"":""916.95434830480372"",""CE"":""202.06184048193157"",""CF"":""367.729650062166"",""CNH"":""2690.6339252327489"",""CNM"":""556.92933515749382"",""CPAY"":""64.432211254329502"",""CPNG"":""819.35013843751437"",""CROX"":""186.76251653150439"",""CRS"":""67.135937833886032"",""CRWD"":""19.198716218683245"",""CVNA"":""190.50762482988779"",""DAL"":""361.83358769531884"",""EEFT"":""165.84913430208624"",""EME"":""20.151079401329113"",""EOG"":""352.91576279394354"",""EXPE"":""136.24403048072008"",""F"":""1368.8505103880323"",""FANG"":""36.748868913718127"",""FRHC"":""227.65763130326158"",""FTAI"":""71.265679238954093"",""GL"":""208.62160185058246"",""GM"":""586.6578059106273"",""GMED"":""107.41357961508589"",""GRMN"":""45.155635083705086"",""HALO"":""468.3373084053315"",""HLT"":""33.715655672947904"",""HOG"":""812.64524933237169"",""HOOD"":""323.94346401749146"",""HWM"":""94.766920879005951"",""ISRG"":""16.537610582976804"",""KEX"":""61.444550804620661"",""KKR"":""69.904561648016269"",""KNSL"":""44.55301443175334"",""KO"":""385.26538048865922"",""LEA"":""150.29669381197729"",""MGM"":""613.32406981565589"",""MIDD"":""222.29933661697862"",""MPC"":""256.06125814430294"",""MTB"":""113.40767309900848"",""NEU"":""52.865996203440361"",""NUE"":""172.41979796690123"",""OLLI"":""74.938943341522176"",""OLN"":""578.07256972656944"",""PEG"":""332.72919224020563"",""RGA"":""35.839411837273985"",""RNR"":""76.799183035505905"",""RYAN"":""127.03774940143727"",""SFM"":""87.936362273932971"",""TGT"":""115.95099567864041"",""THC"":""260.18851184277969"",""TOL"":""236.63936154373803"",""UTHR"":""23.094509709110756"",""V"":""103.84471239611287"",""VICI"":""599.35004889196659"",""VLO"":""109.50105511779743"",""VOYA"":""241.25629515482674"",""VRT"":""84.980432803941696"",""VST"":""85.56357371292431"",""VZ"":""660.91468629019755"",""WCC"":""171.94121664526713"",""WFC"":""123.87196611949922"",""WFRD"":""140.18281257873355"",""WSC"":""456.04105739276588"",""WU"":""2230.4518545505521""}",48865156ad5f3bf5a0690e0645d90f68a8cf631f50060f7d6f2fe7ae2603d9ca
us_candidate_B,10,9,2025-06-30,1588554.2447341285,1.673470251262188e-10,0.70139000618158942,18237.056742417411,"{""ACGL"":""197.18552289412551"",""ADM"":""617.93099313728055"",""AIZ"":""85.405135724943676"",""ALSN"":""72.176703208095077"",""AM"":""3275.5438576917104"",""AME"":""43.267583205740351"",""AMP"":""34.201835056763315"",""APO"":""47.223386707839396"",""APP"":""24.084904266642241"",""ARW"":""275.97130280494531"",""AXON"":""13.12325775452072"",""BLDR"":""218.41372541310722"",""CCL"":""312.9781119047654"",""CE"":""451.06016144047703"",""CF"":""365.89162884781314"",""COF"":""43.738305005982255"",""CORT"":""154.78099917973319"",""CROX"":""451.27322936700364"",""DAL"":""429.9090510403181"",""DOCS"":""146.08380874071463"",""DTM"":""78.441260672500803"",""DVA"":""208.74539467265404"",""DVN"":""953.79999307349271"",""EEFT"":""177.07198599059208"",""EOG"":""403.23019099826973"",""EXEL"":""234.21665311311577"",""EXPE"":""97.730279822210534"",""F"":""1839.4023271992412"",""FITB"":""430.7020586393682"",""FLS"":""135.59482873203677"",""FOUR"":""75.153348898311378"",""FRHC"":""139.33799861712825"",""FTNT"":""82.550958389783602"",""GEN"":""665.0870357659785"",""GL"":""163.28984073953094"",""GM"":""586.03104511536344"",""GRMN"":""37.813509883965651"",""HAL"":""1148.1380571274517"",""HOG"":""1036.105999777478"",""HOOD"":""698.05414889799374"",""ISRG"":""14.942552204511369"",""JPM"":""75.967139624014393"",""KNSL"":""39.150523593989831"",""KO"":""125.27167601456401"",""LEN"":""228.9203913859017"",""MGM"":""1426.4922601029698"",""MIDD"":""230.47525856991817"",""MPC"":""354.32227105783443"",""MTB"":""138.3410328596311"",""MTSI"":""60.037060647115347"",""NOV"":""1247.2659615940061"",""NSA"":""480.35038352077265"",""OLN"":""923.60573293773427"",""OVV"":""770.81169810605957"",""PEG"":""215.52944773668469"",""PEP"":""119.75590582186301"",""RCL"":""33.809070825205929"",""RNR"":""73.188710418682888"",""SJM"":""165.36581038206037"",""SLGN"":""599.7670273447726"",""SLM"":""282.79240568044798"",""SYF"":""119.99099305641161"",""TDC"":""1002.1789333321161"",""THC"":""247.30946505026867"",""UAL"":""80.323527792654531"",""UNH"":""15.418128629792344"",""UNM"":""106.79740584234909"",""UTHR"":""22.10467789555253"",""V"":""98.778236214705146"",""VICI"":""623.41948097475142"",""VLO"":""148.54460428479067"",""VOYA"":""264.56607640959595"",""VST"":""56.570788051546778"",""VZ"":""780.64200483359366"",""WAT"":""21.02381408341893"",""WFRD"":""254.22425016435139"",""WU"":""2945.0824314429569""}",ddd2f74e4e342123ed768e3b34882b93002556be4af92757fd08b6fbbb0a2048
us_candidate_B,10,10,2025-12-31,1690122.9106635097,0,0.57663766511957748,18237.056742417411,"{""ALK"":""373.94124433010091"",""APA"":""1886.122255014657"",""ARMK"":""189.39743038454387"",""BLDR"":""295.63095418817443"",""BPOP"":""71.954182108709304"",""BYD"":""101.36866176915315"",""CAH"":""47.202800060719355"",""CCL"":""657.98765182977922"",""CF"":""374.96930482845733"",""CI"":""23.988355043259883"",""COF"":""37.272374554431529"",""CROX"":""340.61192776676614"",""CRS"":""28.692634815112712"",""CVNA"":""23.534159574432728"",""DAL"":""701.44725588080678"",""DASH"":""32.16936599002414"",""DRS"":""170.61253033994947"",""DUK"":""156.80180313096096"",""DVA"":""372.05888953086327"",""DVN"":""1084.4758266022659"",""EEFT"":""340.27595230043477"",""EOG"":""288.41381192390332"",""EQH"":""141.35597879145902"",""EVRG"":""268.42612461124895"",""EXEL"":""179.9017788158088"",""EXPE"":""314.20315872463516"",""FITB"":""449.85686286052498"",""FNF"":""330.05017426780938"",""FTI"":""537.2419503325608"",""HAL"":""1692.6975487840077"",""HALO"":""355.68267530667805"",""HEI"":""24.177043933539181"",""HLT"":""29.774237479165173"",""HOG"":""1461.7447476363591"",""HOOD"":""282.30997735399177"",""HWM"":""42.605009456835823"",""IBKR"":""333.92190524189488"",""INGR"":""254.36643595500718"",""IRDM"":""613.27851406872367"",""ITT"":""50.564754257481674"",""JPM"":""27.353559415683662"",""KDP"":""239.86903842107836"",""KNSL"":""38.236438870538116"",""KO"":""112.08580085089542"",""LAZ"":""385.63177927164224"",""LNC"":""534.75759449287261"",""LVS"":""425.24966144457352"",""MELI"":""3.0341212835025813"",""META"":""25.068233913822695"",""MGM"":""1003.116488636757"",""MPC"":""47.739873639159896"",""MRK"":""233.73689703705651"",""MUSA"":""45.4833155591283"",""NEM"":""136.1151804016624"",""NFLX"":""5.9218077484641896"",""NRG"":""49.383923341641868"",""NVR"":""2.5052077633486234"",""OC"":""250.85206547569859"",""OMC"":""479.52705093436305"",""PEP"":""140.12884557295814"",""PGR"":""69.334530350945784"",""PLTR"":""58.172464863562588"",""PODD"":""25.240532211473841"",""RCL"":""25.324361021271162"",""SLB"":""1020.6265101839668"",""SYF"":""277.23423388452795"",""TDC"":""1546.2651745503397"",""UAL"":""232.35731218703245"",""V"":""97.161459073984147"",""VIRT"":""413.09695846066967"",""VST"":""136.38451668982117"",""VZ"":""797.2538951749035"",""WELL"":""51.584403891243241"",""WEN"":""3020.7684802292533"",""WFRD"":""367.77206856397123"",""WMT"":""189.22696634744727"",""WU"":""4097.051786724237"",""XOM"":""171.63833737897087"",""YETI"":""1094.4535547023356""}",61182b42bba516c2d9b058eea0ae8351cd972c17aa731f59664003e0819d06b3
us_candidate_B,10,11,2026-06-30,1997998.2071003006,2.2737367544323206e-11,0.74015336890828076,18237.056742417411,"{""AMG"":""29.261189143468879"",""AMTM"":""290.87640021652442"",""C"":""72.289104518632342"",""CCL"":""645.06486496242246"",""CF"":""606.50047404146744"",""CHTR"":""224.70297802331541"",""CI"":""71.577520531745733"",""CIEN"":""36.068822877150588"",""COHR"":""45.703069872022581"",""CROX"":""778.84737650046156"",""CRUS"":""166.24709684347999"",""CVNA"":""19.988189200225602"",""DAL"":""675.88972135975632"",""DTM"":""70.483084945514776"",""DUK"":""168.0767935837589"",""DVA"":""586.27785968065723"",""DVN"":""1510.8425407765847"",""EEFT"":""616.30201895108519"",""EOG"":""446.68837884360624"",""EVR"":""57.899429760330285"",""EVRG"":""271.76549835773739"",""EXPE"":""99.310637048574307"",""FIVE"":""44.783476355272924"",""FLS"":""121.58281358142416"",""FNF"":""360.87710159282614"",""FOUR"":""1057.7581012914002"",""FOX"":""129.91553374833217"",""FOXA"":""115.44293973284807"",""FTI"":""631.41150319191172"",""GM"":""103.73113141022145"",""GMED"":""96.614541361576087"",""GS"":""9.5966047853005776"",""HALO"":""292.72334288190763"",""HHH"":""246.96353235492518"",""HOG"":""2289.2506911843384"",""HRB"":""1076.3365457174643"",""IBKR"":""306.33308934772788"",""INCY"":""85.404633049298454"",""KBR"":""490.05674069533279"",""KNSL"":""50.368891838700094"",""LAZ"":""405.68947644053503"",""LHX"":""28.73391561221926"",""LITE"":""22.885633376595155"",""LNC"":""631.8368870925575"",""LRCX"":""49.278044200719755"",""LVS"":""432.25835892197858"",""LW"":""1119.7600062632391"",""MGM"":""1285.468530073091"",""MU"":""98.579925658636995"",""MUSA"":""48.821076962609986"",""NEM"":""84.48087737886037"",""NLY"":""1258.304856092647"",""OC"":""419.14705265273068"",""PEP"":""137.26505696733821"",""PFG"":""223.33387343784585"",""PGR"":""86.510982680275688"",""PR"":""1404.154025370804"",""QSR"":""412.36547826808714"",""RDDT"":""36.696461505543169"",""SYF"":""236.12946153604673"",""TDC"":""1540.9575119043066"",""V"":""133.74795889015738"",""VIRT"":""591.24492724947117"",""VLO"":""51.817775086179083"",""VZ"":""1151.6510351673728"",""WELL"":""45.446988881413759"",""WU"":""5038.3186533154721""}",44562de5077eb09252b99e81be02f7f25be84564f1c08f694985b4f84666d605
us_candidate_B,10,12,2026-07-16,2055657.1877409741,1.8553691916167736e-10,0,18237.056742417411,"{""ACN"":""276.46215930277151"",""ADBE"":""167.80290266138368"",""ADT"":""5292.7617082518282"",""AKAM"":""84.375405079818208"",""AMT"":""142.28282341835475"",""APA"":""306.23324023596285"",""ARMK"":""175.29027477127082"",""BAH"":""567.0504549800047"",""BPOP"":""60.750497225516561"",""CACC"":""36.550556626786893"",""CBOE"":""137.00588478602876"",""CF"":""214.97507321762689"",""CHTR"":""241.91653965007302"",""CIEN"":""20.331899532137374"",""COHR"":""25.284601197772478"",""CPB"":""1544.8114550353339"",""CRUS"":""156.6902405341701"",""CTSH"":""888.27655831750292"",""CVNA"":""353.58859657460181"",""D"":""340.79955229960882"",""DAL"":""367.3174365111775"",""DDOG"":""38.308559819040212"",""DELL"":""23.116897590704376"",""DLTR"":""192.42002006234219"",""DOX"":""680.70738234342866"",""DVN"":""832.59804219837577"",""DXCM"":""345.55607166355293"",""ECG"":""60.102540732059715"",""EEFT"":""470.04988527991372"",""EQT"":""437.71302288020098"",""EVR"":""68.161906708470852"",""EXE"":""255.21659640903923"",""EXPE"":""134.4495509756014"",""FAF"":""339.30895796093142"",""FOX"":""496.86595701409658"",""G"":""1251.0164037686141"",""GAP"":""1841.6997378820604"",""GDDY"":""405.31280753577857"",""GEN"":""1382.1997229263513"",""GL"":""55.820554256130002"",""GLW"":""39.047945168873312"",""HALO"":""297.3451057434558"",""HEI-A"":""38.672469599803456"",""HPE"":""221.10433683186233"",""HRB"":""903.43884200727121"",""IBKR"":""267.38512668359704"",""INTU"":""131.81207319401105"",""IT"":""265.41391068999292"",""JAZZ"":""41.391113559718264"",""KEY"":""1009.6833590689929"",""KLAC"":""191.16420579423016"",""KNSL"":""70.565481418211348"",""LAMR"":""63.944202041834274"",""LITE"":""11.623915151021269"",""LNT"":""130.73819156488804"",""LRCX"":""23.017138519108556"",""LULU"":""301.30452884600527"",""LW"":""796.73346696704232"",""LYFT"":""1592.9638211184317"",""MELI"":""20.26814762879296"",""MKSI"":""22.423598548752945"",""MPC"":""91.028284220050409"",""MU"":""8.640823912955419"",""MUSA"":""18.509133250107279"",""NEM"":""249.17774546617008"",""NI"":""489.4469280029503"",""NVT"":""58.805593033932603"",""OMF"":""381.71562123241409"",""PEG"":""286.75704074100895"",""PGR"":""106.5378870521414"",""PNFP"":""329.57194747249798"",""PYPL"":""796.73346696704232"",""RNR"":""104.91390994328052"",""SNX"":""37.308358773417034"",""TDC"":""992.87016172112226"",""TER"":""20.614287025639282"",""THC"":""183.89432918343428"",""V"":""100.27383807058465"",""VIRT"":""558.12016217937878"",""VLO"":""38.296792483817036"",""VRT"":""29.789190115540617"",""VZ"":""812.54017722335573"",""WTM"":""11.224709980534417"",""WU"":""4467.9157277450504""}",67fa5bd5a56daff56e81e4478641a83c17122cd9a0417ce9cacafcdeadbe6c4a
us_candidate_B,20,1,2021-06-30,1000000,1000000,0,36198.222659876054,{},44136fa355b3678a1146ad16f7e8649e94fb4fc21fe77e8310c060f61caaff8a
us_candidate_B,20,2,2021-12-31,1092596.8638473037,1.8189894035458565e-10,0.52345044622880588,36198.222659876054,"{""ACGL"":""299.00821537886395"",""ACI"":""592.23702476362973"",""ALGN"":""8.1669721114236342"",""ALLY"":""100.12078571588765"",""ALSN"":""697.5926802102332"",""AMKR"":""491.90451655483565"",""BJ"":""349.58805941430859"",""BOKF"":""134.4501143978402"",""CBOE"":""97.802435168861493"",""CBSH"":""156.16121119706224"",""CELH"":""65.580496255484832"",""CHRD"":""49.627249727298263"",""CNC"":""159.65144531541148"",""CNP"":""203.50815497878631"",""COF"":""32.258193548903229"",""COKE"":""28.954268288496159"",""CRL"":""13.489457072015139"",""CROX"":""42.825437350496401"",""CSX"":""864.16250347738992"",""DKS"":""442.71616906365381"",""DTE"":""89.840894343001239"",""DUK"":""50.547203809560784"",""ELV"":""72.609568128744542"",""EPAM"":""9.7659698608107099"",""EVR"":""82.712082878830429"",""EXP"":""81.932164568664831"",""F"":""335.80215074561511"",""FAF"":""444.62442841306603"",""FNF"":""637.8815718259242"",""FRHC"":""178.71649895399784"",""GL"":""122.24020899583161"",""GM"":""468.5200796274238"",""GMED"":""64.362439830773127"",""GNRC"":""12.01979997610464"",""GOOG"":""1.9909747997381979"",""GS"":""13.147893341975182"",""HOLX"":""174.5110897310096"",""HRB"":""495.88500455080754"",""IBM"":""189.11476302308935"",""JEF"":""145.90701637660351"",""LAZ"":""257.31226313487207"",""LLY"":""21.741111711745557"",""LOPE"":""308.12863300605386"",""LPX"":""193.12290440956977"",""MO"":""244.19840408668122"",""MOH"":""109.54845930433363"",""MRNA"":""21.235934803301731"",""MUSA"":""207.86033674405539"",""NUE"":""52.017303868235594"",""NVDA"":""6.2367453569301841"",""OMC"":""346.57248545511527"",""PAG"":""367.2318600020489"",""PB"":""162.16406555505517"",""PEG"":""194.90090235776631"",""PGR"":""118.55595058398291"",""PHM"":""508.01416733653411"",""PRI"":""76.030951461753702"",""QXO"":""410.02629088577163"",""RH"":""7.3490721061558775"",""ROKU"":""10.865585106325183"",""SGI"":""297.10078864131054"",""SYF"":""102.84459934212366"",""THC"":""74.489027617253939"",""TRGP"":""112.26141642474332"",""URI"":""86.901141379751948"",""V"":""118.56271110920652"",""VIRT"":""421.40354349811656"",""VRTX"":""57.746267454510544"",""VZ"":""494.77660381143437"",""WCC"":""48.531608248199191"",""WSM"":""246.57508937305121"",""WTM"":""10.14205195583126"",""WY"":""338.2736753879405"",""YETI"":""54.345675888475725""}",c8e0e588d8598897925f0000d2aceefa409f5417718b6b10d747ebd1fc7e70f0
us_candidate_B,20,3,2022-06-30,945918.29885499878,6.3664629124104977e-11,0.78533030993963704,36198.222659876054,"{""ACGL"":""286.31209881745548"",""ACI"":""421.54928096839672"",""ALSN"":""1154.5475992001857"",""AZO"":""2.5965345151477104"",""BJ"":""271.31434649315224"",""BLDR"":""63.508913688140339"",""BOKF"":""51.600616098307974"",""BPOP"":""66.349938959172448"",""CACC"":""7.9155261054713071"",""CHH"":""34.895499661584125"",""CHRD"":""43.204611415275089"",""CMS"":""195.64293301208144"",""COKE"":""20.553582571481932"",""CWEN-A"":""162.58509534678939"",""DKS"":""364.96917324051441"",""DTE"":""106.46288098072526"",""EBAY"":""191.37703447272028"",""EVR"":""93.681065825807124"",""EW"":""42.017360032501024"",""EXC"":""94.240806651843982"",""EXP"":""76.454240012230557"",""F"":""262.07746712616796"",""FAF"":""536.46689544837977"",""FDX"":""49.205740768774739"",""FNF"":""804.28909986444523"",""FTNT"":""15.145656628298577"",""GL"":""135.79356372637537"",""HD"":""13.116187542976093"",""HOLX"":""166.23005214780432"",""HPE"":""807.01159115002531"",""HPQ"":""144.500902368211"",""HRB"":""540.17711343106532"",""IBM"":""313.9892655313987"",""INTU"":""8.4626550670229594"",""KEY"":""550.21931657742755"",""KLAC"":""12.655713636536021"",""LAD"":""42.857628531523481"",""LAZ"":""291.6931650798968"",""LBTYK"":""193.78244899289811"",""LITE"":""120.32308586967854"",""LOPE"":""489.64887680465239"",""LOW"":""21.059072238511714"",""LPX"":""231.90710637710794"",""MOH"":""171.95164117002847"",""MSFT"":""16.185029115754364"",""MUSA"":""210.63945608776726"",""NEE"":""58.304937791457888"",""NSA"":""78.661112604198095"",""OMC"":""572.78292931522799"",""ON"":""80.143536398859069"",""ONTO"":""53.772093176039789"",""PAG"":""391.41769474843079"",""PB"":""176.02451995070399"",""PGR"":""123.98025126581489"",""PLD"":""32.331604848007295"",""PRI"":""83.033684298531327"",""REGN"":""20.152287801551651"",""SFM"":""1842.8024940486068"",""SGI"":""270.60541765757807"",""SNPS"":""14.771639056202194"",""TOL"":""251.00043907509885"",""TSLA"":""5.1508819169652229"",""V"":""193.65883083810968"",""VIRT"":""441.43506043828995"",""VZ"":""807.69448096471808"",""WSC"":""133.28474515696641"",""WSM"":""75.24728192771596"",""WY"":""309.0474208945094""}",5edbf690a06df117b75d0dc1d9885aaff8ba840031fec7cf0d12cea8681578d6
us_candidate_B,20,4,2022-12-30,1074163.5227158759,0,0.58383558514805911,36198.222659876054,"{""ABBV"":""71.80125544758036"",""ACI"":""630.53847214638222"",""ADM"":""60.705037235920479"",""AJG"":""28.892976505811024"",""ALLY"":""328.1730911474607"",""ALSN"":""438.1791411118682"",""AN"":""98.399071978806418"",""AXP"":""79.332565894902658"",""BDX"":""19.108063479119899"",""BIDU"":""31.672903176947685"",""BLDR"":""518.53013519744388"",""BYD"":""221.04683988646045"",""CE"":""143.25302249597257"",""CF"":""183.22397263337029"",""CLF"":""715.48993392006548"",""CMS"":""69.788309474184132"",""CNH"":""948.84212979736037"",""COF"":""105.54832790432293"",""COP"":""122.4482828677364"",""CROX"":""346.16782362340933"",""DHR"":""18.581219980701437"",""DKS"":""223.53705686282782"",""DLTR"":""30.225928068703428"",""DVA"":""210.70520229804072"",""EA"":""38.72347628037344"",""ED"":""49.534289058963502"",""ENPH"":""24.127795992150322"",""ETSY"":""150.21281634136605"",""FAF"":""318.36711972319222"",""FCN"":""26.047613433825983"",""FCX"":""375.84006440025308"",""FNF"":""455.8438305127525"",""GM"":""530.47821082340465"",""HALO"":""107.06161112516884"",""HOG"":""347.34934568387263"",""HRB"":""311.35561393973404"",""HUN"":""594.28529014995888"",""KO"":""74.880160380025899"",""LAD"":""61.307768915801219"",""LOPE"":""178.87236411244652"",""LPLA"":""25.535076374172966"",""LPX"":""209.82790086531975"",""M"":""600.27730809778416"",""MCD"":""19.080974114984727"",""MCK"":""14.440731091957417"",""MOH"":""60.255312670331293"",""MRNA"":""76.983411161017898"",""MUSA"":""72.349327847087793"",""NLY"":""1860.7580853386473"",""NRG"":""729.50139533934339"",""NUE"":""105.32592935879137"",""NVR"":""4.2076420843804998"",""OLN"":""237.62057658494828"",""OXY"":""80.005280052775618"",""PAG"":""205.92892220134456"",""PFE"":""531.09037307081326"",""PPC"":""150.83928560702623"",""PRU"":""114.9360397611978"",""REGN"":""47.104813256141185"",""RF"":""251.23791410706286"",""RGA"":""40.16293707483527"",""RH"":""79.374295560875026"",""RITM"":""1179.9442365183913"",""RS"":""27.732902917151939"",""SAIC"":""180.96657331634086"",""SFM"":""665.40236871055822"",""SGI"":""788.39438351667445"",""SYF"":""398.15641869483727"",""THC"":""320.54771643362506"",""TRGP"":""78.946051441384768"",""UNM"":""138.46886800433359"",""V"":""85.570562119718289"",""VLO"":""44.323587594160976"",""VRTX"":""16.717097446706514"",""VST"":""206.15802579901219"",""WAT"":""14.232614929927575"",""WEC"":""109.27146546454101"",""WHR"":""108.78793811423344"",""WMB"":""503.29353328608772"",""WSM"":""151.85207729379169"",""WY"":""332.03744819901266""}",ce7d9d564e99ec5a38458b2b95fc1c3e888fef7ca07ec83baf30b28dcea3794f
us_candidate_B,20,5,2023-06-30,1230268.6524656904,1.1641532182693481e-10,0.71410505761612031,36198.222659876054,"{""ABBV"":""77.420620105775967"",""ACGL"":""85.251093236698367"",""ACI"":""1435.5226781564691"",""ALLY"":""511.7360497052947"",""ALSN"":""715.69087367704719"",""AME"":""38.305637227311223"",""AMKR"":""223.18864192660232"",""AMP"":""17.188758176445784"",""AN"":""116.60714273340592"",""APA"":""114.65431948157506"",""ARMK"":""129.46452910981915"",""AXON"":""32.254948673536575"",""AXP"":""84.683224468998006"",""BLDR"":""651.73684895591282"",""BOKF"":""51.566274529337349"",""BX"":""168.64734351387594"",""BYD"":""229.45069531073636"",""CAT"":""22.341224049924545"",""CE"":""291.20442434433846"",""CF"":""146.85383116542786"",""CLF"":""776.65713316539143"",""COP"":""106.03344419741063"",""DBX"":""559.06820443674951"",""DOW"":""248.30217136920925"",""DVA"":""398.72425800140837"",""ED"":""56.154271675584134"",""EXPD"":""286.49673157202812"",""FAF"":""568.83340361033936"",""FCX"":""470.10552759722049"",""FNF"":""791.4072393664319"",""GL"":""44.397043827456855"",""GLPI"":""102.74647021309126"",""GM"":""885.03984378612256"",""GS"":""36.437609689831831"",""HAL"":""136.01178229732969"",""HOLX"":""397.97808240830324"",""HUM"":""58.128312432818213"",""HUN"":""1083.4330547658358"",""INTC"":""1126.4752306078383"",""KO"":""84.138714563746646"",""LBTYA"":""282.72919352350362"",""LPLA"":""24.758586452328835"",""LPX"":""211.35044620429821"",""LVS"":""111.33895638443776"",""M"":""605.90539541377507"",""MKSI"":""147.66843402920398"",""MPC"":""45.983878627029156"",""MRK"":""48.238518552500437"",""MRNA"":""69.657868919354499"",""MUSA"":""106.50618997268785"",""NLY"":""847.43880686405976"",""NUE"":""135.52848834454426"",""NVR"":""6.4546827035986727"",""OKE"":""81.462155759511774"",""OLN"":""236.34201766706565"",""OMF"":""375.62132738800523"",""ON"":""200.60840813362924"",""PAG"":""259.05107756865192"",""PCG"":""329.15520500614531"",""PDD"":""65.629229103616481"",""PFGC"":""91.660620541187257"",""PVH"":""177.2481430130961"",""RITM"":""1531.4499896321242"",""ST"":""309.85503752586561"",""SYF"":""380.76525913860178"",""TPL"":""2.2830795755535607"",""TRGP"":""72.817192291155422"",""V"":""203.52660165700627"",""WEC"":""133.44652746687771"",""WSM"":""259.07361943060533"",""WTW"":""21.882670837353519"",""WY"":""403.6111746869019"",""ZM"":""79.008911033359979""}",825299c1bd9299dde3b0f39fcca5a3cd152f6858b1ecf0302ac94c976d4453b8
us_candidate_B,20,6,2023-12-29,1320844.9173646581,1.2005330063402653e-10,0.51329284974243994,36198.222659876054,"{""AAL"":""1138.8161299053836"",""ACGL"":""81.865095319782498"",""AEE"":""175.1286762068919"",""ALSN"":""725.04224925746655"",""AMG"":""95.421702487269755"",""AMGN"":""64.421038581284847"",""AMP"":""43.05984762107677"",""APG"":""224.78365314327658"",""BJ"":""226.99188995106906"",""BKNG"":""5.2966707720229982"",""BLD"":""23.034367283233291"",""BLDR"":""451.22240267337605"",""CF"":""206.03225274873034"",""CHRW"":""433.87265917410241"",""CLH"":""37.265720274194003"",""CNM"":""195.52017819673642"",""COF"":""56.026354436186516"",""CROX"":""364.0687068043095"",""CSL"":""55.754722589236593"",""DAL"":""429.75097539971773"",""DHI"":""50.354198247068119"",""DINO"":""320.61777596540821"",""DOW"":""268.54598170891592"",""DVA"":""407.44386775232965"",""ELF"":""53.64267166843841"",""ELV"":""92.137760006024351"",""EQH"":""526.61115558972244"",""EQT"":""148.98133685109943"",""EXP"":""32.869876540530633"",""EXPD"":""337.95001562846994"",""GM"":""1061.6152850901597"",""GPK"":""595.20428571855427"",""HBAN"":""1326.7865478494307"",""HOLX"":""505.56854875974511"",""HUBB"":""18.481126748358427"",""HUM"":""91.552535936028818"",""JBL"":""56.773856987730191"",""KNSL"":""16.37520680033597"",""LAZ"":""446.96121830677691"",""LEN"":""375.57647257012434"",""LNG"":""93.874763624421504"",""LRCX"":""9.5317835682508161"",""MOH"":""20.341264057514671"",""MOS"":""408.6502567376246"",""MUSA"":""45.973318073404457"",""NI"":""522.95279655637512"",""NVR"":""6.4459667549115771"",""OC"":""46.954807545484442"",""ONTO"":""52.610993257368591"",""PEN"":""17.809691288396557"",""PFE"":""389.93345108551966"",""PFG"":""188.59123135307041"",""PHM"":""78.882625961453641"",""PK"":""1115.6598272868066"",""PRI"":""30.985044420943165"",""SAIA"":""17.89551235269332"",""SMCI"":""24.584162024817331"",""SO"":""87.225656721504905"",""SSD"":""44.242616495925773"",""SYY"":""192.75955506491727"",""TOL"":""77.495919877143294"",""UAL"":""372.34119501553823"",""V"":""232.60335345668446"",""VLO"":""121.93315418428698"",""WMB"":""438.3315656088526"",""WSM"":""327.12070795170661"",""WTM"":""10.29782994277301"",""WU"":""3489.8453020525626""}",bd3b93cbf3fb7f56efa6d70f30e1eb2561cb12963467685fae0bf3233e2c06d1
us_candidate_B,20,7,2024-06-28,1463909.3451156612,0,0.79552168857187888,36198.222659876054,"{""AAL"":""1119.3929490142782"",""ALSN"":""1020.305718895258"",""AMG"":""101.57481917485262"",""AMP"":""40.49300771254557"",""ANET"":""27.971223314600444"",""APG"":""190.39025441680781"",""BKNG"":""4.3359191477991734"",""BLD"":""17.601407585158849"",""BLDR"":""302.73044948559129"",""BPOP"":""80.266879527495433"",""BRBR"":""118.84363707056738"",""CF"":""193.46489458435451"",""CHRW"":""508.74312344372112"",""CNM"":""543.62687261266365"",""COF"":""50.240259325972772"",""COKE"":""7.09554373418952"",""CROX"":""470.50977876354852"",""CSL"":""49.228496365445643"",""CTRA"":""602.68256737680974"",""DAL"":""382.31317721740453"",""DINO"":""276.77630231161027"",""DOW"":""280.46059663486841"",""DVA"":""419.53339475279751"",""DXCM"":""53.086492084950841"",""EEFT"":""151.54654763480326"",""ELF"":""45.638788990034293"",""EPR"":""317.45013662448264"",""EQH"":""461.87564923291848"",""EXPE"":""144.7260156945631"",""GDDY"":""62.052588572169839"",""GM"":""1223.5612036275909"",""GPK"":""623.95371681363827"",""GRMN"":""51.248660361144786"",""HBAN"":""1209.1555911522157"",""HLT"":""36.177180530625243"",""HRB"":""908.62762940465302"",""ISRG"":""19.526626757237224"",""ITT"":""55.208706024317387"",""KNSL"":""45.924156100015473"",""LEN"":""339.08897770480826"",""MCHP"":""170.55288444728524"",""MOH"":""182.44244653228751"",""MOS"":""430.4634514261457"",""MUSA"":""43.135682969082858"",""NBIX"":""49.996226493788335"",""NEU"":""12.068781127496747"",""PFE"":""534.22921568100674"",""PFG"":""195.50602668687154"",""PHM"":""489.6126839481168"",""PR"":""484.37520608981987"",""PSX"":""49.478014141667046"",""RCL"":""50.872675904097228"",""RITM"":""1440.117895080167"",""ROP"":""12.083391974652953"",""SNX"":""142.92778663187607"",""SON"":""275.29012205935538"",""SSB"":""182.12503397816675"",""SSD"":""33.273577143254627"",""THC"":""581.5842058264268"",""TOL"":""491.66087398700859"",""UAL"":""372.76924671485671"",""UBER"":""106.99208710121081"",""V"":""168.8124387720494"",""VZ"":""1165.7909399019379"",""WING"":""25.674264567850955"",""WU"":""3687.1072511998827""}",e2bf9a7f53c0b31387f9a945efbb9cce10b4cd04b96ff3c3ccdf68e61847aaad
us_candidate_B,20,8,2024-12-31,1549256.0522972376,5.0931703299283981e-11,0.53987451929235042,36198.222659876054,"{""ACGL"":""240.98808308246373"",""ADM"":""447.19911350774436"",""AGCO"":""276.18702913305219"",""ALSN"":""356.16846392019954"",""AM"":""2988.6203972508729"",""ANET"":""20.812056203649405"",""APO"":""144.1439675102458"",""APP"":""87.649717114336028"",""ARW"":""223.85878114891642"",""AXP"":""73.500661817899896"",""BG"":""253.19084397811324"",""BYD"":""799.49663621556931"",""CAVA"":""78.643767743989699"",""CCL"":""909.13879508198295"",""CE"":""200.4091215919872"",""CF"":""364.72188898466197"",""CNH"":""2668.6264966972503"",""CNM"":""552.37405826610438"",""CPAY"":""63.883030831930931"",""CPNG"":""812.36650329044016"",""CROX"":""185.23493498385056"",""CRS"":""66.565152931694143"",""CRWD"":""19.035490117839831"",""CVNA"":""188.8850815894171"",""DAL"":""358.74954139828668"",""EEFT"":""164.43553858874125"",""EME"":""19.979756377383161"",""EOG"":""349.98224084752417"",""EXPE"":""135.08277040983191"",""F"":""1357.1832730410463"",""FANG"":""36.436432680229004"",""FRHC"":""225.71721808931989"",""FTAI"":""70.659783573138085"",""GL"":""206.84344000892952"",""GM"":""581.85937175082108"",""GMED"":""106.50035710695057"",""GRMN"":""44.771725130463082"",""HALO"":""464.34850462547297"",""HLT"":""33.429007599702317"",""HOG"":""805.99840225233004"",""HOOD"":""321.18932004645723"",""HWM"":""93.961219351475521"",""ISRG"":""16.397009010351901"",""KEX"":""60.922153664537241"",""KKR"":""69.310238105806206"",""KNSL"":""44.173272020179404"",""KO"":""381.98409587100969"",""LEA"":""149.01565750752755"",""MGM"":""608.30752501222207"",""MIDD"":""220.48108972794347"",""MPC"":""253.93281447704561"",""MTB"":""112.44105605136575"",""NEU"":""52.433590805405949"",""NUE"":""171.00952942524765"",""OLLI"":""74.301817849190627"",""OLN"":""573.34435655446771"",""PEG"":""329.89535552496289"",""RGA"":""35.534707742266498"",""RNR"":""76.144594174465226"",""RYAN"":""125.95768361690632"",""SFM"":""87.188733663101175"",""TGT"":""114.96270091822967"",""THC"":""258.04251574681047"",""TOL"":""234.70382368070105"",""UTHR"":""22.898161852943161"",""V"":""102.99533817786089"",""VICI"":""594.24155879660339"",""VLO"":""108.56773567194898"",""VOYA"":""239.1999753188295"",""VRT"":""84.257935292307323"",""VST"":""84.836118379332916"",""VZ"":""655.50888485798123"",""WCC"":""170.53486255071303"",""WFC"":""122.81881559614466"",""WFRD"":""138.98798075896056"",""WSC"":""452.15404473790437"",""WU"":""2212.2083806500123""}",56eb1c1fcd33bda141c70442505b3172e6c06d7fd824ad90925975ad92d12146
us_candidate_B,20,9,2025-06-30,1573654.0585197201,0,0.70155803665475303,36198.222659876054,"{""ACGL"":""195.3543472959027"",""ADM"":""612.20461028023283"",""AIZ"":""84.612015630694188"",""ALSN"":""71.461461327538061"",""AM"":""3245.1657312216021"",""AME"":""42.838818989536023"",""AMP"":""33.884217592503454"",""APO"":""46.755422081943351"",""APP"":""23.846232625308847"",""ARW"":""273.41386944269237"",""AXON"":""12.993211588123843"",""BLDR"":""216.38967964288366"",""CCL"":""309.87662564421197"",""CE"":""446.88017499432692"",""CF"":""362.50090144582003"",""COF"":""43.304876127488576"",""CORT"":""153.24718219991593"",""CROX"":""447.08802048876083"",""DAL"":""425.83635510463432"",""DOCS"":""144.63617739377716"",""DTM"":""77.663939566064187"",""DVA"":""206.81094557911976"",""DVN"":""944.96110331064358"",""EEFT"":""175.4275960013284"",""EOG"":""399.49054400500881"",""EXEL"":""231.89566099260551"",""EXPE"":""96.822701512245004"",""F"":""1822.320603310769"",""FITB"":""426.70231723691137"",""FLS"":""134.25113892652578"",""FOUR"":""74.408609665193325"",""FRHC"":""138.04402764386421"",""FTNT"":""81.732911844345495"",""GEN"":""658.91066372449291"",""GL"":""161.77343949763821"",""GM"":""580.60027992035589"",""GRMN"":""37.438793324220711"",""HAL"":""1137.4982313849709"",""HOG"":""1026.5043780735932"",""HOOD"":""691.44120997934453"",""ISRG"":""14.794477567349533"",""JPM"":""75.261666066399457"",""KNSL"":""38.786949826449842"",""KO"":""124.03028446922202"",""LEN"":""226.79898006421766"",""MGM"":""1413.2626517787585"",""MIDD"":""228.33943825291522"",""MPC"":""351.03620705472383"",""MTB"":""137.03047435684473"",""MTSI"":""59.44211770497855"",""NOV"":""1235.6831488203161"",""NSA"":""475.88957986749182"",""OLN"":""915.04665418217053"",""OVV"":""763.66856571252742"",""PEG"":""213.52792014175185"",""PEP"":""118.64378516885843"",""RCL"":""33.474036633810584"",""RNR"":""72.509038916348274"",""SJM"":""163.83013051922097"",""SLGN"":""594.20897043914249"",""SLM"":""279.99004753639463"",""SYF"":""118.80193093928867"",""TDC"":""992.89171465031666"",""THC"":""245.01764169656468"",""UAL"":""79.527554181810132"",""UNH"":""15.265341222974268"",""UNM"":""105.73908682806741"",""UTHR"":""21.885629495107594"",""V"":""97.862855687119861"",""VICI"":""617.63005726725828"",""VLO"":""147.16513559651369"",""VOYA"":""262.10916711864905"",""VST"":""56.010194466191074"",""VZ"":""773.4077747276159"",""WAT"":""20.815476605352469"",""WFRD"":""251.86338088475952"",""WU"":""2917.7902746563368""}",8e7199ae12bf6c9beb96c90d02ae6b17a2271525ff77cc859de88317a97dcb56
us_candidate_B,20,10,2025-12-31,1672012.32355963,0,0.57678913613547333,36198.222659876054,"{""ALK"":""369.82388942124931"",""APA"":""1866.4519744638412"",""ARMK"":""187.32080261778566"",""BLDR"":""292.54783283009385"",""BPOP"":""71.165248213471429"",""BYD"":""100.25721597349718"",""CAH"":""46.685250033373123"",""CCL"":""650.74274710396207"",""CF"":""371.05876753199624"",""CI"":""23.725337302942361"",""COF"":""36.863705610108504"",""CROX"":""337.05970194454636"",""CRS"":""28.378037504908768"",""CVNA"":""23.276121811510819"",""DAL"":""694.13189534248988"",""DASH"":""31.816648434573384"",""DRS"":""168.74186759050528"",""DUK"":""155.07530549630013"",""DVA"":""368.10314258692222"",""DVN"":""1073.1658790614165"",""EEFT"":""336.72723035059829"",""EOG"":""285.40595780406034"",""EQH"":""139.8060963566254"",""EVRG"":""265.47056504516775"",""EXEL"":""177.92926509997017"",""EXPE"":""310.86253652778674"",""FITB"":""444.90362384058869"",""FNF"":""326.4160907699503"",""FTI"":""531.32654031833374"",""HAL"":""1675.0444854241243"",""HALO"":""351.76636002620938"",""HEI"":""23.911957334166722"",""HLT"":""29.447781052814769"",""HOG"":""1446.5002802094768"",""HOOD"":""279.20546891135427"",""HWM"":""42.137871410340544"",""IBKR"":""330.24519127528271"",""INGR"":""251.71366032254573"",""IRDM"":""606.52588825201894"",""ITT"":""50.010342444727947"",""JPM"":""27.053644253756975"",""KDP"":""237.23902013329354"",""KNSL"":""37.815428907963245"",""KO"":""110.85684813578354"",""LAZ"":""381.38570338814952"",""LNC"":""528.86953897582123"",""LVS"":""420.56736494055195"",""MELI"":""3.0008539868331341"",""META"":""24.792215107322161"",""MGM"":""992.65503381633187"",""MPC"":""47.216434926293928"",""MRK"":""231.16329015365608"",""MUSA"":""44.982512410431205"",""NEM"":""134.62276013743022"",""NFLX"":""5.8568787239526294"",""NRG"":""48.842458622535091"",""NVR"":""2.4776236718943756"",""OC"":""248.23594104816502"",""OMC"":""474.52608580683426"",""PEP"":""138.58592887430638"",""PGR"":""68.571108628357237"",""PLTR"":""57.534639125635898"",""PODD"":""24.963785109194362"",""RCL"":""25.046694787017582"",""SLB"":""1009.9824441699307"",""SYF"":""274.18169086849588"",""TDC"":""1530.1392475546238"",""UAL"":""229.79889549872428"",""V"":""96.148166773535138"",""VIRT"":""408.54847172501485"",""VST"":""134.88472243006086"",""VZ"":""788.93937168808998"",""WELL"":""51.018812239682333"",""WEN"":""2989.2650274031221"",""WFRD"":""363.72264059955103"",""WMT"":""187.1434449638312"",""WU"":""4054.3238257652797"",""XOM"":""169.74847911468603"",""YETI"":""1083.0395499030342""}",a20fe10733465905e4900cbc3f03254da0c23e8799dc1178c9c1e25a6aa412f5
us_candidate_B,20,11,2026-06-30,1974547.972955435,8.7311491370201111e-11,0.74050353268428404,36198.222659876054,"{""AMG"":""28.895564981981913"",""AMTM"":""287.24184389674986"",""C"":""71.385838315243348"",""CCL"":""637.57602563847684"",""CF"":""599.47674285771404"",""CHTR"":""222.10074870714061"",""CI"":""70.746545881622936"",""CIEN"":""35.618136028587443"",""COHR"":""45.132001262424801"",""CROX"":""769.82113091223914"",""CRUS"":""164.31706179746061"",""CVNA"":""19.738432948689034"",""DAL"":""668.06241055642079"",""DTM"":""69.60238530252127"",""DUK"":""166.12551679036841"",""DVA"":""579.48334755404176"",""DVN"":""1493.1352652367279"",""EEFT"":""609.16477851288403"",""EOG"":""441.51539179712029"",""EVR"":""57.227250030856965"",""EVRG"":""268.61045417297674"",""EXPE"":""98.131323624315513"",""FIVE"":""44.223898242757194"",""FLS"":""120.06361304418775"",""FNF"":""356.68752194539439"",""FOUR"":""1045.4994936575304"",""FOX"":""128.29221427700207"",""FOXA"":""114.00045809505606"",""FTI"":""623.91349407551229"",""GM"":""102.43499106008049"",""GMED"":""95.407324166827919"",""GS"":""9.4766933708825309"",""HALO"":""289.32498994055101"",""HHH"":""244.09642500939054"",""HOG"":""2262.7394481510792"",""HRB"":""1063.8717598121984"",""IBKR"":""302.77673492456978"",""INCY"":""84.337485805464667"",""KBR"":""484.36745828355919"",""KNSL"":""49.78413740795429"",""LAZ"":""400.97965039124961"",""LHX"":""28.374879834471319"",""LITE"":""22.599673005251759"",""LNC"":""624.33382654401134"",""LRCX"":""48.662305602323549"",""LVS"":""427.12529261030613"",""LW"":""1106.7923440586203"",""MGM"":""1270.5818386575938"",""MU"":""97.409289429259047"",""MUSA"":""48.254291789747924"",""NEM"":""83.425272639015986"",""NLY"":""1243.3624908767813"",""OC"":""414.29301485672062"",""PEP"":""135.67148706103038"",""PFG"":""220.74109310734704"",""PGR"":""85.506638955731077"",""PR"":""1387.8525889521798"",""QSR"":""407.46863983592004"",""RDDT"":""36.237932192133577"",""SYF"":""233.38813164328275"",""TDC"":""1523.1120661174639"",""V"":""132.19905703463149"",""VIRT"":""584.38090705277034"",""VLO"":""51.170302064044144"",""VZ"":""1138.3140508867077"",""WELL"":""44.879120052829826"",""WU"":""4979.9711377675185""}",f76652cfe7debb99a85b9afad8b8fe3aa6371421f9d4d50ba59b925345cb4a02
us_candidate_B,20,12,2026-07-16,2028594.8710488919,0,0,36198.222659876054,"{""ACN"":""272.85792920533248"",""ADBE"":""165.61526051268936"",""ADT"":""5223.7601092787036"",""AKAM"":""83.251712740816558"",""AMT"":""140.39101959198118"",""APA"":""302.15489601141923"",""ARMK"":""172.95579899985808"",""BAH"":""559.65783270663542"",""BPOP"":""59.941436003727155"",""CACC"":""36.064577495775922"",""CBOE"":""135.18335203260511"",""CF"":""212.11674741049657"",""CHTR"":""238.76267991218319"",""CIEN"":""20.061123946289801"",""COHR"":""24.94786666436465"",""CPB"":""1524.6717876206365"",""CRUS"":""154.60687453484388"",""CTSH"":""876.69611955361677"",""CVNA"":""348.88725424886604"",""D"":""336.26825413179614"",""DAL"":""362.52872848933993"",""DDOG"":""37.79837518471318"",""DELL"":""22.809032037945407"",""DLTR"":""189.86158805010632"",""DOX"":""671.83301761597886"",""DVN"":""821.74348282457822"",""DXCM"":""340.96153043296749"",""ECG"":""59.302108846591892"",""EEFT"":""463.92185695192751"",""EQT"":""431.8931554384119"",""EVR"":""67.255620532627574"",""EXE"":""251.82321608356574"",""EXPE"":""132.69673561947621"",""FAF"":""334.79747885494038"",""FOX"":""490.25958741802646"",""G"":""1234.706934920421"",""GAP"":""1817.6895455198915"",""GDDY"":""400.02875483401948"",""GEN"":""1364.1800205026748"",""GL"":""55.077148886791605"",""GLW"":""38.527913569635217"",""HALO"":""293.39158138061021"",""HEI-A"":""38.157438498282048"",""HPE"":""218.15971986459598"",""HRB"":""891.66073293885438"",""IBKR"":""263.82995260409422"",""INTU"":""130.09364256824358"",""IT"":""261.95371632704502"",""JAZZ"":""40.839876179988899"",""KEY"":""996.25852818483122"",""KLAC"":""188.65201612466257"",""KNSL"":""69.627237120343111"",""LAMR"":""63.092607790049527"",""LITE"":""11.469110508696273"",""LNT"":""128.99705024370067"",""LRCX"":""22.710601534839324"",""LULU"":""297.37642941243274"",""LW"":""786.3464731429267"",""LYFT"":""1571.78364645177"",""MELI"":""20.003912306724779"",""MKSI"":""22.124966194001626"",""MPC"":""89.817964855713853"",""MU"":""8.5257473971808864"",""MUSA"":""18.262632848538466"",""NEM"":""245.86465818694174"",""NI"":""482.93920241136408"",""NVT"":""58.022433601155143"",""OMF"":""376.64029973200525"",""PEG"":""282.94429613923558"",""PGR"":""105.12135076521109"",""PNFP"":""325.18778784449131"",""PYPL"":""786.3464731429267"",""RNR"":""103.51828348927828"",""SNX"":""36.81149458776062"",""TDC"":""979.92613882573085"",""TER"":""20.339750667766047"",""THC"":""181.49690351884476"",""V"":""98.966570609203345"",""VIRT"":""550.69571995555282"",""VLO"":""37.786764564168038"",""VRT"":""29.392464497615578"",""VZ"":""801.94711172204939"",""WTM"":""11.075465336796407"",""WU"":""4409.6676247157884""}",1efc631c0656baf37b905593b1673846b17eef81bfc6fea3e875c742e7d3c542
