strategy,single_side_cost_bps,rebalance_index,rebalance_date,total_value,cash,turnover,cumulative_costs,holdings_json,holdings_sha256
fcf_roe_value,0,1,2021-06-30,1000000,0,0,0,"{""ALSN"":""1397.9757311413073"",""CSX"":""1731.7816569686895"",""DKS"":""554.50200175222631"",""ELV"":""145.50957453000407"",""FAF"":""891.02735453978437"",""FNF"":""1278.3146699391523"",""GM"":""938.91423957335735"",""IBM"":""378.98598509827104"",""LOPE"":""617.48978054413203"",""MOH"":""219.53511244588458"",""MUSA"":""416.55211483508702"",""OMC"":""694.53126085205099"",""PAG"":""735.93264744410601"",""PHM"":""1018.0603913424144"",""URI"":""174.14988732502292"",""V"":""237.59967306284986"",""VZ"":""991.53231403811446"",""WSM"":""347.98343598844696""}",bb0c4003365ce3d5247c2376cf736030ebbdb25856a262fa6863b626bd8bfaff
fcf_roe_value,0,2,2021-12-31,1102723.3452481441,0,0.32875705267793892,0,"{""ALSN"":""2333.559084219964"",""DKS"":""737.67173416293338"",""FAF"":""1084.3010700676939"",""FNF"":""1625.6204045878824"",""IBM"":""634.63169767616114"",""LOPE"":""989.67299861621404"",""MOH"":""266.67779398703379"",""MUSA"":""425.74218385562989"",""OMC"":""1157.7026438023161"",""PAG"":""791.12919894978268"",""SFM"":""2857.9808865025507"",""V"":""391.42112828847627"",""VZ"":""1632.5033239298634""}",69d41d062351512b5eb26debecf863fdc64659f9b35940db53a79348029b72a4
fcf_roe_value,0,3,2022-06-30,1008062.4243341233,0,0.2441264075676278,0,"{""ACI"":""1347.3888263661827"",""ALSN"":""936.33886711324828"",""BLDR"":""670.43257803546362"",""CE"":""306.11537658791258"",""CROX"":""739.72117198488593"",""DKS"":""477.67320473005702"",""DVA"":""450.25299450355681"",""FAF"":""680.31423734891155"",""FNF"":""974.08629438594153"",""GM"":""1133.5714559352771"",""HUN"":""1269.9199097179683"",""LAD"":""131.0077123849365"",""LOPE"":""382.22984860924095"",""MOH"":""128.75873338043846"",""MUSA"":""154.60226495686177"",""NRG"":""943.20747813739581"",""NVR"":""8.9912514149116678"",""PAG"":""343.8936807766205"",""PFE"":""686.67231433348081"",""REGN"":""60.904081065932033"",""RH"":""169.61382003441253"",""SAIC"":""386.70493491411821"",""SFM"":""1421.8889984401421"",""SGI"":""1684.7089115818624"",""THC"":""684.97392390609593"",""V"":""182.85453522527504"",""WHR"":""232.46742067866211"",""WSM"":""324.49057630017484""}",f04f97272bdbd3add25545f7ebbc87d20c98b54dd56607b49ddadb404511c790
fcf_roe_value,0,4,2022-12-30,1135007.9150005635,0,0.54177434078455611,0,"{""ACI"":""3040.3083547641795"",""ALSN"":""1515.769117255026"",""BLDR"":""971.88648701925229"",""CE"":""616.74486774069919"",""DVA"":""844.46223754933817"",""EXPD"":""606.77439643773175"",""FAF"":""1204.7381596830164"",""FNF"":""1676.1295927115652"",""GM"":""1874.4350558207218"",""HOLX"":""842.88190452892763"",""HUM"":""123.11055521936991"",""HUN"":""2294.6140930789329"",""INTC"":""2385.7735632920576"",""MUSA"":""225.57056334624411"",""NVR"":""13.670439380522199"",""PAG"":""548.64696143573542"",""V"":""303.50402039761786"",""WSM"":""548.69470307874246""}",a8e4eedcfd71e8be92ab4e178ee0c99d9767527ca4a5cea7ad405367a26df3fc
fcf_roe_value,0,5,2023-06-30,1369399.3930915799,0,0.41636681304422363,0,"{""ALSN"":""1616.955240396245"",""BLDR"":""671.27421229979416"",""CHRW"":""967.60246817988343"",""CROX"":""811.92896542842402"",""DVA"":""908.66221631105805"",""ELV"":""205.48131372025478"",""EXPD"":""753.68028459318089"",""GM"":""2367.5646491901452"",""HOLX"":""1127.4952806319873"",""HUM"":""204.17617442974526"",""LEN"":""728.53956486131995"",""NVR"":""14.375492923962071"",""V"":""384.42518474301835"",""WSM"":""729.52927019955246"",""WU"":""7782.8894179686267""}",00672b4dbebc829aa6b60ecaa2ece67b1246d2a043f242cbd09d121da754cff8
fcf_roe_value,0,6,2023-12-29,1461832.6458491459,0,0.42045693126411182,0,"{""ALSN"":""1675.9330992824832"",""BLDR"":""583.77566624701331"",""CHRW"":""1128.0878541877114"",""CROX"":""1043.3091716441108"",""DVA"":""930.2740523413172"",""GM"":""2713.1266626747324"",""HRB"":""2014.7924276054662"",""LEN"":""653.88828316744764"",""MOH"":""269.72823814252689"",""PHM"":""944.15335907068777"",""THC"":""1289.6057922889561"",""TOL"":""948.10302289402068"",""V"":""374.32498453342185"",""VZ"":""2585.0267831107794"",""WU"":""8175.7977955768783""}",0c4be7226c1df1b632f4f3255e67f1019ef71662eb0bd5dd17153c7b62e058df
fcf_roe_value,0,7,2024-06-28,1691555.8119962208,0,0.4141261450092652,0,"{""ADM"":""1036.3972747579701"",""AGCO"":""640.0716720384072"",""ALSN"":""825.43103108194055"",""AM"":""4250.3538167652168"",""ARW"":""518.79939764093479"",""BG"":""586.77732751821009"",""BYD"":""1137.0275001655043"",""CE"":""464.45411267788052"",""CF"":""845.25384861197097"",""CNH"":""6184.6214470996338"",""CNM"":""1280.1433440768144"",""CROX"":""429.28748293215909"",""EOG"":""497.73746928671875"",""GM"":""1348.4764369160416"",""HOG"":""1867.9253207847137"",""MGM"":""1409.7708204122255"",""MIDD"":""510.97149709745776"",""MPC"":""361.13797128844419"",""NEU"":""121.51640952561105"",""NUE"":""396.31968154807242"",""OLN"":""1328.7426354001971"",""THC"":""470.94802119160562"",""TOL"":""543.93310695536798"",""V"":""238.69476610324719"",""VZ"":""1519.1613787371311"",""WCC"":""395.2196269184916"",""WU"":""5126.8588591750649""}",4562ce880b6e182ca06eb515091ce620d4d368e0d621a5c1539886803488804c
fcf_roe_value,0,8,2024-12-31,1641788.916924844,0,0.40374654274642718,0,"{""ADM"":""1299.9120482381977"",""AM"":""4351.9918275012433"",""ARW"":""580.54770754060962"",""BLDR"":""459.46656878887393"",""CE"":""948.87381414526465"",""CF"":""769.70882181192883"",""CROX"":""599.57597623476454"",""DVA"":""439.12776113001507"",""DVN"":""2006.4636931559353"",""EOG"":""535.74446628319265"",""GM"":""1232.8056443963535"",""HAL"":""2415.2834379181227"",""HOG"":""2179.6069258876123"",""LEN"":""481.56894241397487"",""MGM"":""1895.2830209810609"",""MIDD"":""484.8398425765505"",""MPC"":""470.76384714690863"",""OLN"":""1942.9454638163836"",""OVV"":""1621.5199179504632"",""SLGN"":""1261.7013770796111"",""TDC"":""2108.2361694058991"",""THC"":""520.2531622989286"",""V"":""207.79507871469988"",""VZ"":""1642.1994667915417"",""WU"":""6195.4298751880906""}",a565629892b4e7d4b0b1146c5fb039dac9f0e86f22944cbab55c45e8bf469a43
fcf_roe_value,0,9,2025-06-30,1585654.3972059726,0,0.50462721122476739,0,"{""APA"":""3769.3545943518025"",""BLDR"":""590.80894276025765"",""CF"":""749.36408185537459"",""CROX"":""680.70197008979528"",""DAL"":""1401.8197545891512"",""DVA"":""483.96978259525775"",""DVN"":""2167.2900198269244"",""EEFT"":""680.03053393859204"",""EOG"":""576.38571633387221"",""EXPE"":""408.71173542028964"",""HAL"":""3382.8015471390809"",""HOG"":""2921.2498106226467"",""INGR"":""508.34313177034699"",""MGM"":""2004.6960026372335"",""OC"":""501.31977552861008"",""OMC"":""958.31937073525808"",""SLB"":""2039.6892168844518"",""TDC"":""3090.1611622902046"",""V"":""194.17404740373036"",""VZ"":""1593.2862382873691"",""WEN"":""6036.9085403410209"",""WU"":""8187.8260725290338"",""YETI"":""2187.2301881565504""}",179702de61c02237076edfbcd8de0a533c88d8595caf2766078eeced5936f743
fcf_roe_value,0,10,2025-12-31,1675499.4465538505,0,0.4315081816716646,0,"{""CF"":""1203.5596403714121"",""CHTR"":""445.90803634167673"",""CROX"":""1088.4389918887398"",""DAL"":""1341.2579623389772"",""DVA"":""819.32314572946939"",""DVN"":""2541.1767017833749"",""EEFT"":""1223.0101509174224"",""EOG"":""886.42322242000773"",""FOUR"":""1478.21665215698"",""HOG"":""4542.8649383272341"",""HRB"":""2135.9179115723964"",""LW"":""2222.0888657513733"",""MGM"":""2550.9263520505624"",""OC"":""831.76930199557705"",""TDC"":""3057.9271546098889"",""V"":""265.41388208584021"",""VZ"":""2285.3744803909904"",""WU"":""9998.2065076611198""}",bd8d25cd6e6b842eb7b05ffeb4d31e6056036ba2aa94593c35dd8095992c534f
fcf_roe_value,0,11,2026-06-30,1927682.9747244441,0,0.51672506802424145,0,"{""ACN"":""534.16768494564451"",""ADBE"":""324.22118190730657"",""ADT"":""10226.434879174769"",""BAH"":""1095.6292519307071"",""CHTR"":""467.42020051076577"",""CPB"":""2984.8148502306244"",""CTSH"":""1716.2878056967727"",""DAL"":""709.71414386756362"",""DOX"":""1315.2320283861495"",""DVN"":""1608.7082941586641"",""EEFT"":""908.20913669402933"",""EXPE"":""259.77734373392218"",""G"":""2417.157335077673"",""GAP"":""3558.448967592934"",""GDDY"":""783.12708193491994"",""GEN"":""2670.6238133642428"",""HRB"":""1745.5836847330884"",""INTU"":""254.68132840856705"",""IT"":""512.82075848353645"",""KLAC"":""220.31694910555171"",""LULU"":""582.16698821716591"",""LW"":""1539.4123833866606"",""MELI"":""39.161198495711652"",""PYPL"":""1539.4123833866606"",""TDC"":""1918.3788373632324"",""THC"":""355.31230871624973"",""V"":""193.74457639288818"",""VZ"":""1569.9533942993858"",""WU"":""8632.7047681345448""}",909ba3385548015dd1263e36de6a1b99dbc6ea86cf052d0adf28037056fbe9bf
fcf_roe_value,0,12,2026-07-16,2057273.4309903043,0,0,0,"{""ACN"":""534.16768494564451"",""ADBE"":""324.22118190730657"",""ADT"":""10226.434879174769"",""BAH"":""1095.6292519307071"",""CHTR"":""467.42020051076577"",""CPB"":""2984.8148502306244"",""CTSH"":""1716.2878056967727"",""DAL"":""709.71414386756362"",""DOX"":""1315.2320283861495"",""DVN"":""1608.7082941586641"",""EEFT"":""908.20913669402933"",""EXPE"":""259.77734373392218"",""G"":""2417.157335077673"",""GAP"":""3558.448967592934"",""GDDY"":""783.12708193491994"",""GEN"":""2670.6238133642428"",""HRB"":""1745.5836847330884"",""INTU"":""254.68132840856705"",""IT"":""512.82075848353645"",""KLAC"":""220.31694910555171"",""LULU"":""582.16698821716591"",""LW"":""1539.4123833866606"",""MELI"":""39.161198495711652"",""PYPL"":""1539.4123833866606"",""TDC"":""1918.3788373632324"",""THC"":""355.31230871624973"",""V"":""193.74457639288818"",""VZ"":""1569.9533942993858"",""WU"":""8632.7047681345448""}",909ba3385548015dd1263e36de6a1b99dbc6ea86cf052d0adf28037056fbe9bf
fcf_roe_value,5,1,2021-06-30,999500.24987506284,3.637978807091713e-10,0,8036.1171263145116,"{""ALSN"":""1397.2770925950099"",""CSX"":""1730.9161988692549"",""DKS"":""554.22488930757254"",""ELV"":""145.43685610195308"",""FAF"":""890.58206350803027"",""FNF"":""1277.6758320231406"",""GM"":""938.44501706482492"",""IBM"":""378.79658680486864"",""LOPE"":""617.18118994915744"",""MOH"":""219.42539974601158"",""MUSA"":""416.34394286365517"",""OMC"":""694.18416876766719"",""PAG"":""735.5648650116002"",""PHM"":""1017.5516155346471"",""URI"":""174.06285589707437"",""V"":""237.48093259655158"",""VZ"":""991.03679564029437"",""WSM"":""347.80953122283552""}",bb7b5be1dcf265877ec086c29719971d39552f75e7778ba6559a145f88400ca7
fcf_roe_value,5,2,2021-12-31,1101810.0932980443,0,0.32875705267793875,8036.1171263145116,"{""ALSN"":""2331.6264803683089"",""DKS"":""737.06081016947587"",""FAF"":""1083.4030750528955"",""FNF"":""1624.2741004482182"",""IBM"":""634.10610924276546"",""LOPE"":""988.85337255148795"",""MOH"":""266.45693712710016"",""MUSA"":""425.38959326133318"",""OMC"":""1156.7438591700291"",""PAG"":""790.47400262439862"",""SFM"":""2855.6139677017527"",""V"":""391.09696166022803"",""VZ"":""1631.1513195032328""}",fffd34ff6698a44dcf3eb20b0f8edc855f4e645abf33c31fd19d07e495f5978d
fcf_roe_value,5,3,2022-06-30,1006580.1575896802,2.1827872842550278e-10,0.64308670189972861,8036.1171263145116,"{""ACI"":""1345.4076101230753"",""ALSN"":""934.96206352375987"",""BLDR"":""669.44676615434946"",""CE"":""305.66526096835787"",""CROX"":""738.63347734720708"",""DKS"":""476.97082847934945"",""DVA"":""449.59093724973201"",""FAF"":""679.31389536070617"",""FNF"":""972.65398653919294"",""GM"":""1131.9046392471212"",""HUN"":""1268.052604673318"",""LAD"":""130.81507711687556"",""LOPE"":""381.66781338240332"",""MOH"":""128.56940503733259"",""MUSA"":""154.37493598354695"",""NRG"":""941.82057486215797"",""NVR"":""8.9780305739780761"",""PAG"":""343.38801549802821"",""PFE"":""685.66262335473141"",""REGN"":""60.814526994888723"",""RH"":""169.36441789545168"",""SAIC"":""386.13631946819089"",""SFM"":""1419.79823627522"",""SGI"":""1682.2316959517345"",""THC"":""683.96673026043698"",""V"":""182.58566378428856"",""WHR"":""232.12559787233531"",""WSM"":""324.01344157267749""}",faeff1837d8ecc52db19dcc338fa6f60daf417a293ed0dbd15457e25b3b11c68
fcf_roe_value,5,4,2022-12-30,1132725.2789977167,0,0.541774340784556,8036.1171263145116,"{""ACI"":""3034.1939328129138"",""ALSN"":""1512.7207251572074"",""BLDR"":""969.93190762237725"",""CE"":""615.50452040825348"",""DVA"":""842.76392348386003"",""EXPD"":""605.55410090973658"",""FAF"":""1202.3152878589956"",""FNF"":""1672.7586966119043"",""GM"":""1870.665343832932"",""HOLX"":""841.18676870124091"",""HUM"":""122.86296524051588"",""HUN"":""2289.9993510385675"",""INTC"":""2380.9754887075228"",""MUSA"":""225.11691409651507"",""NVR"":""13.64294649990674"",""PAG"":""547.54356709771014"",""V"":""302.89363769031496"",""WSM"":""547.59121272658967""}",99a7c738e709db0271474f74f96193e3a872f86da035398d714739e78a1877c6
fcf_roe_value,5,5,2023-06-30,1366035.8052487897,0,0.44625143908679643,8036.1171263145116,"{""ALSN"":""1612.9835933980282"",""BLDR"":""669.62539472979904"",""CHRW"":""965.22579420511579"",""CROX"":""809.93466456112299"",""DVA"":""906.43031435505793"",""ELV"":""204.97660015587266"",""EXPD"":""751.82905707300154"",""GM"":""2361.7493175117393"",""HOLX"":""1124.7258698685027"",""HUM"":""203.6746666143016"",""LEN"":""726.75008924469455"",""NVR"":""14.34018311334211"",""V"":""383.48094021918763"",""WSM"":""727.73736361876831"",""WU"":""7763.7726925193856""}",80fdbe4f8405a04e78aa7a2ad227de5b9d5c9784d0a38ce5530387968d7be96a
fcf_roe_value,5,6,2023-12-29,1457600.7902384631,0,0.43994697548817019,8036.1171263145116,"{""ALSN"":""1671.0814448133715"",""BLDR"":""582.08569555467557"",""CHRW"":""1124.8221555260741"",""CROX"":""1040.2888985750728"",""DVA"":""927.58100435182837"",""GM"":""2705.2724391953657"",""HRB"":""2008.9598101281279"",""LEN"":""651.99534363860403"",""MOH"":""268.94740255154176"",""PHM"":""941.42013191142746"",""THC"":""1285.8725157588667"",""TOL"":""945.35836186299775"",""V"":""373.24135208718087"",""VZ"":""2577.5433956471497"",""WU"":""8152.1296993202623""}",2eb730c035e04ea2cf679f6aa69293ccc51b831df45ebd9c49fefb6160839ecc
fcf_roe_value,5,7,2024-06-28,1685472.2649672336,2.9103830456733704e-10,0.70391216604025109,8036.1171263145116,"{""ADM"":""1032.669953721921"",""AGCO"":""637.7697047659392"",""ALSN"":""822.46243349789358"",""AM"":""4235.0677545787057"",""ARW"":""516.93357653602288"",""BG"":""584.66702915135465"",""BYD"":""1132.9382704626157"",""CE"":""462.78374010297381"",""CF"":""842.213959828523"",""CNH"":""6162.3789439773072"",""CNM"":""1275.5394095318784"",""CROX"":""427.74358436679546"",""EOG"":""495.94739574553211"",""GM"":""1343.6267477935887"",""HOG"":""1861.2074747313695"",""MGM"":""1404.7006908751155"",""MIDD"":""509.13382841929803"",""MPC"":""359.8391670653109"",""NEU"":""121.07938534532677"",""NUE"":""394.8943490795175"",""OLN"":""1323.9639173380729"",""THC"":""469.25429378704149"",""TOL"":""541.97689444773505"",""V"":""237.83631920787184"",""VZ"":""1513.6978346869575"",""WCC"":""393.79825070962733"",""WU"":""5108.4205157520564""}",ea2692352a4279f58d9668a29c69eff813e9ea91609b8a48cc82f3ad4d00bd6f
fcf_roe_value,5,8,2024-12-31,1635198.2840565483,0,0.41959664474110753,8036.1171263145116,"{""ADM"":""1294.6938116045535"",""AM"":""4334.5216277178297"",""ARW"":""578.21721501292473"",""BLDR"":""457.62213224838763"",""CE"":""945.06475021329368"",""CF"":""766.61897986711267"",""CROX"":""597.16909853247557"",""DVA"":""437.36497066039482"",""DVN"":""1998.4091464180278"",""EOG"":""533.59382739649243"",""GM"":""1227.8567929840819"",""HAL"":""2405.5877661736686"",""HOG"":""2170.8573303107219"",""LEN"":""479.63578032017341"",""MGM"":""1887.6747867896695"",""MIDD"":""482.89355010898527"",""MPC"":""468.87405994453081"",""OLN"":""1935.1458982917768"",""OVV"":""1615.0106509200505"",""SLGN"":""1256.6365295343332"",""TDC"":""2099.7730774401944"",""THC"":""518.16471015021818"",""V"":""206.96092697842693"",""VZ"":""1635.6071858530142"",""WU"":""6170.5595624772805""}",b288a1fa92242fee80b2edc78bd7ddb5d15b6652ee4b446795a6f0bfb55fc46b
fcf_roe_value,5,9,2025-06-30,1578483.6616191284,0,0.51025884188680548,8036.1171263145116,"{""APA"":""3752.3086067918562"",""BLDR"":""588.13715329696674"",""CF"":""745.9752654154679"",""CROX"":""677.62366131736815"",""DAL"":""1395.4803663729779"",""DVA"":""481.78114719707304"",""DVN"":""2157.4889788815799"",""EEFT"":""676.95526157252959"",""EOG"":""573.77915239714946"",""EXPE"":""406.8634362000418"",""HAL"":""3367.5036515320439"",""HOG"":""2908.0391702636884"",""INGR"":""506.04427384031152"",""MGM"":""1995.6302535104114"",""OC"":""499.05267901558352"",""OMC"":""953.98560492386787"",""SLB"":""2030.4652194740549"",""TDC"":""3076.1866615070844"",""V"":""193.29594259462905"",""VZ"":""1586.0809895591183"",""WEN"":""6009.6080926640152"",""WU"":""8150.7986244920485"",""YETI"":""2177.3389726593055""}",aaab9b00a5a842c3bad2e5bed8aa8b47c72a3b7e87665902721f7298135e52bc
fcf_roe_value,5,10,2025-12-31,1667197.8075028763,0,0.43465056919628675,8036.1171263145116,"{""CF"":""1197.5963332923"",""CHTR"":""443.69868463150414"",""CROX"":""1083.0460759685045"",""DAL"":""1334.6123979369811"",""DVA"":""815.26362482903346"",""DVN"":""2528.5858699652331"",""EEFT"":""1216.9504719067993"",""EOG"":""882.03123908986277"",""FOUR"":""1470.8924951060267"",""HOG"":""4520.3562916948022"",""HRB"":""2125.3350256270423"",""LW"":""2211.0790264222128"",""MGM"":""2538.2872133961769"",""OC"":""827.64811381312211"",""TDC"":""3042.7759663872039"",""V"":""264.09882928010751"",""VZ"":""2274.0510782427327"",""WU"":""9948.6681435903101""}",c8ec47075a588bc1e1cd6f8b2a44bd9d6ec2f8fcbfd2d9ace4ead8fb10f5440d
fcf_roe_value,5,11,2026-06-30,1916872.3233546235,1.4551915228366852e-10,0.65696320325114554,8036.1171263145116,"{""ACN"":""531.17201569365193"",""ADBE"":""322.40291499813696"",""ADT"":""10169.083943525853"",""BAH"":""1089.484846430164"",""CHTR"":""464.79885825833657"",""CPB"":""2968.0756907462078"",""CTSH"":""1706.6626809428878"",""DAL"":""705.73399138285333"",""DOX"":""1307.8560671333209"",""DVN"":""1599.6864867598752"",""EEFT"":""903.11580315504909"",""EXPE"":""258.32048473080368"",""G"":""2403.6016593788381"",""GAP"":""3538.4928069013945"",""GDDY"":""778.73522187697984"",""GEN"":""2655.6466706676592"",""HRB"":""1735.7942655703268"",""INTU"":""253.25304840198484"",""IT"":""509.94480506802995"",""KLAC"":""219.08138819700392"",""LULU"":""578.90213376176246"",""LW"":""1530.779194833674"",""MELI"":""38.941578324909443"",""PYPL"":""1530.779194833674"",""TDC"":""1907.6203645863795"",""THC"":""353.31967945754781"",""V"":""192.65803617977221"",""VZ"":""1561.1489285053858"",""WU"":""8584.2916406387067""}",7223af6d1a9d3e4a88a554d37f53597ea661bde77f1774896c4fc3c98ef41a16
fcf_roe_value,5,12,2026-07-16,2045736.0225437677,1.4551915228366852e-10,0,8036.1171263145116,"{""ACN"":""531.17201569365193"",""ADBE"":""322.40291499813696"",""ADT"":""10169.083943525853"",""BAH"":""1089.484846430164"",""CHTR"":""464.79885825833657"",""CPB"":""2968.0756907462078"",""CTSH"":""1706.6626809428878"",""DAL"":""705.73399138285333"",""DOX"":""1307.8560671333209"",""DVN"":""1599.6864867598752"",""EEFT"":""903.11580315504909"",""EXPE"":""258.32048473080368"",""G"":""2403.6016593788381"",""GAP"":""3538.4928069013945"",""GDDY"":""778.73522187697984"",""GEN"":""2655.6466706676592"",""HRB"":""1735.7942655703268"",""INTU"":""253.25304840198484"",""IT"":""509.94480506802995"",""KLAC"":""219.08138819700392"",""LULU"":""578.90213376176246"",""LW"":""1530.779194833674"",""MELI"":""38.941578324909443"",""PYPL"":""1530.779194833674"",""TDC"":""1907.6203645863795"",""THC"":""353.31967945754781"",""V"":""192.65803617977221"",""VZ"":""1561.1489285053858"",""WU"":""8584.2916406387067""}",7223af6d1a9d3e4a88a554d37f53597ea661bde77f1774896c4fc3c98ef41a16
fcf_roe_value,10,1,2021-06-30,999000.99900099949,3.4197000786662102e-10,0,16020.953231561827,"{""ALSN"":""1396.5791519893182"",""CSX"":""1730.0516053633264"",""DKS"":""553.94805369852793"",""ELV"":""145.36421031968442"",""FAF"":""890.13721732246211"",""FNF"":""1277.0376323068456"",""GM"":""937.97626331004744"",""IBM"":""378.60737772055057"",""LOPE"":""616.8729076364956"",""MOH"":""219.31579664923541"",""MUSA"":""416.13597885623085"",""OMC"":""693.83742342862251"",""PAG"":""735.19744999411205"",""PHM"":""1017.0433479944202"",""URI"":""173.97591141360934"",""V"":""237.36231075209781"",""VZ"":""990.54177226584886"",""WSM"":""347.63580018825877""}",65bde785702a502a5dfc07b1d089b17a39aa725108a68ec16f887eb60dabdcf7
fcf_roe_value,10,2,2021-12-31,1100898.1153108499,6.5483618527650833e-11,0.32875705267793881,16020.953231561827,"{""ALSN"":""2329.6965724491583"",""DKS"":""736.4507383992252"",""FAF"":""1082.5063327179714"",""FNF"":""1622.9296743680893"",""IBM"":""633.58125399167216"",""LOPE"":""988.03488984397279"",""MOH"":""266.2363883567873"",""MUSA"":""425.03749452181739"",""OMC"":""1155.7864120175639"",""PAG"":""789.8197202809821"",""SFM"":""2853.2503506916073"",""V"":""390.77324723606154"",""VZ"":""1629.8012010878927""}",7df23dbd918f5918f3da3a537334df9ee0fd250d99c895afc2e7f91fe6d522a9
fcf_roe_value,10,3,2022-06-30,1005100.3119517606,0,0.64331619537275053,16020.953231561827,"{""ACI"":""1343.4296299611858"",""ALSN"":""933.58750877926877"",""BLDR"":""668.46256447975566"",""CE"":""305.21588055916061"",""CROX"":""737.54755932942021"",""DKS"":""476.26959947675306"",""DVA"":""448.92996138772992"",""FAF"":""678.31518731222377"",""FNF"":""971.2240181970476"",""GM"":""1130.2405451058842"",""HUN"":""1266.1883496494843"",""LAD"":""130.62275649562565"",""LOPE"":""381.10669617329739"",""MOH"":""128.38038593956898"",""MUSA"":""154.14797832508646"",""NRG"":""940.43593692855336"",""NVR"":""8.964831327716535"",""PAG"":""342.88317616355795"",""PFE"":""684.6545815861698"",""REGN"":""60.725119199774809"",""RH"":""169.11542312523736"",""SAIC"":""385.56863278800091"",""SFM"":""1417.7108891217567"",""SGI"":""1679.7585265588621"",""THC"":""682.96118174586911"",""V"":""182.31723151283907"",""WHR"":""231.78433339292877"",""WSM"":""323.53708618803756""}",8c1accb41eb38089d0ebb59638413ea8a7d28b9e5fd4ccfa4c302dda64e7b8af
fcf_roe_value,10,4,2022-12-30,1130447.7856941514,1.2369127944111824e-10,0.54177434078455622,16020.953231561827,"{""ACI"":""3028.093286440992"",""ALSN"":""1509.6792009804367"",""BLDR"":""967.98173182469441"",""CE"":""614.26696753507611"",""DVA"":""841.06943566072277"",""EXPD"":""604.33655466499397"",""FAF"":""1199.8978746806681"",""FNF"":""1669.3953950235559"",""GM"":""1866.9041248747376"",""HOLX"":""839.49545195543601"",""HUM"":""122.61593307324658"",""HUN"":""2285.395005851025"",""INTC"":""2376.1882240176378"",""MUSA"":""224.66428690271934"",""NVR"":""13.615515559792172"",""PAG"":""546.44265866863452"",""V"":""302.28463015395732"",""WSM"":""546.49020849970566""}",e5a7977fc3e6ac795961c60c73714ab29e4e2b999737eb85fdde9f8d96782f7a
fcf_roe_value,10,5,2023-06-30,1362681.4001095877,0,0.44628114856690515,16020.953231561827,"{""ALSN"":""1609.0227891245577"",""BLDR"":""667.9810784850921"",""CHRW"":""962.85560862715988"",""CROX"":""807.94580819968451"",""DVA"":""904.2045055635765"",""ELV"":""204.47326447584354"",""EXPD"":""749.98288346382014"",""GM"":""2355.9498618768807"",""HOLX"":""1121.9640196859643"",""HUM"":""203.17452793141263"",""LEN"":""724.9654989543734"",""NVR"":""14.304969699647048"",""V"":""382.53927351344339"",""WSM"":""725.95034900089922"",""WU"":""7744.7081563488764""}",e542e52fc12df10f029f074b26279b6bf08373f79a130c147748b5f671c70631
fcf_roe_value,10,6,2023-12-29,1453382.2698892727,2.9740476747974753e-10,0.44003486817494453,16020.953231561827,"{""ALSN"":""1666.2450786922013"",""BLDR"":""580.40105023332637"",""CHRW"":""1121.5667476091157"",""CROX"":""1037.2781428749761"",""DVA"":""924.89644259212969"",""GM"":""2697.4429656445295"",""HRB"":""2003.1455721718319"",""LEN"":""650.10836906838108"",""MOH"":""268.16902749979658"",""PHM"":""938.69551759301987"",""THC"":""1282.1510033869461"",""TOL"":""942.62234970280667"",""V"":""372.16113434204533"",""VZ"":""2570.0835895477849"",""WU"":""8128.5361850630461""}",5b0a8d7db411eb7943f339a6f80423c406518e1165dfd5b7de09a5189b661f92
fcf_roe_value,10,7,2024-06-28,1679411.4994516289,0,0.7041205434822847,16020.953231561827,"{""ADM"":""1028.956590663621"",""AGCO"":""635.47635784241834"",""ALSN"":""819.50495264316066"",""AM"":""4219.8389352520962"",""ARW"":""515.07474251089684"",""BG"":""582.56463337656555"",""BYD"":""1128.8643540039184"",""CE"":""461.1196226971303"",""CF"":""839.18545474387338"",""CNH"":""6140.2197340193379"",""CNM"":""1270.9527156848367"",""CROX"":""426.20546735381595"",""EOG"":""494.16402562656629"",""GM"":""1338.7952196645695"",""HOG"":""1854.514785498387"",""MGM"":""1399.6495478311408"",""MIDD"":""507.30304139642686"",""MPC"":""358.54522657145435"",""NEU"":""120.6439977221636"",""NUE"":""393.47435416001957"",""OLN"":""1319.2030944987466"",""THC"":""467.56690901011723"",""TOL"":""540.02800751533164"",""V"":""236.98108700276563"",""VZ"":""1508.2547503786591"",""WCC"":""392.38219723451601"",""WU"":""5090.0512197721682""}",aa75fa419a7277b3f9ede78f53b300980ef148f8e6dd17c110d9dc4b2c0a24ce
fcf_roe_value,10,8,2024-12-31,1628635.1610329524,2.4556356947869062e-10,0.41966370105501682,16020.953231561827,"{""ADM"":""1289.4973563206272"",""AM"":""4317.1243499879447"",""ARW"":""575.89645015309486"",""BLDR"":""455.78539453801221"",""CE"":""941.27158562806096"",""CF"":""763.54203517719282"",""CROX"":""594.77226733605482"",""DVA"":""435.6095382234576"",""DVN"":""1990.38822002194"",""EOG"":""531.45216545372887"",""GM"":""1222.9285984854155"",""HAL"":""2395.9325649620482"",""HOG"":""2162.1442562667803"",""LEN"":""477.71068740425375"",""MGM"":""1880.09830999475"",""MIDD"":""480.95538162656402"",""MPC"":""466.99216086966373"",""OLN"":""1927.3788887963933"",""OVV"":""1608.5285541066196"",""SLGN"":""1251.5928230800787"",""TDC"":""2091.345311117756"",""THC"":""516.08497537287565"",""V"":""206.13025706023947"",""VZ"":""1629.0424216383617"",""WU"":""6145.7930605017063""}",ce733c23bcf51a2ab208fbbf1aa123f3bed95f3a53db3f2509af294c7467ef9f
fcf_roe_value,10,9,2025-06-30,1571346.5533323553,0,0.51032531499450329,16020.953231561827,"{""APA"":""3735.3425567127574"",""BLDR"":""585.47789324086318"",""CF"":""742.60234089430787"",""CROX"":""674.55978833211225"",""DAL"":""1389.1707068376643"",""DVA"":""479.60277544595527"",""DVN"":""2147.7339001029968"",""EEFT"":""673.8944107543532"",""EOG"":""571.18481199127439"",""EXPE"":""405.02380461392175"",""HAL"":""3352.2774956956"",""HOG"":""2894.8904814523867"",""INGR"":""503.7561964479894"",""MGM"":""1986.6070183854704"",""OC"":""496.79621409450493"",""OMC"":""949.67216238916217"",""SLB"":""2021.2844781738559"",""TDC"":""3062.2776944095172"",""V"":""192.42195567462701"",""VZ"":""1578.9095299809642"",""WEN"":""5982.4356709523927"",""WU"":""8113.944817372485"",""YETI"":""2167.4941422041929""}",8565210bd3da90140761a366b6fb45dee464e0cfbba4cbd5a0870e42d8ec5ab8
fcf_roe_value,10,10,2025-12-31,1658938.8142717243,0,0.43469880205434425,16020.953231561827,"{""CF"":""1191.6636599371639"",""CHTR"":""441.50068244091136"",""CROX"":""1077.680863652248"",""DAL"":""1328.0009720394849"",""DVA"":""811.22495783417173"",""DVN"":""2516.0597177051663"",""EEFT"":""1210.9219216862468"",""EOG"":""877.66181753680837"",""FOUR"":""1463.6059625145347"",""HOG"":""4497.9632727935705"",""HRB"":""2114.8065043492484"",""LW"":""2200.1257450355752"",""MGM"":""2525.7130024538296"",""OC"":""823.54809632329773"",""TDC"":""3027.7026103659741"",""V"":""262.79053194816305"",""VZ"":""2262.7858448205316"",""WU"":""9899.3842598861629""}",4f532db2e4137e8c011bcf7d796966ed39f6167cd527538699909be5d25078eb
fcf_roe_value,10,11,2026-06-30,1906123.6905178754,0,0.65716690922378629,16020.953231561827,"{""ACN"":""528.19353199378054"",""ADBE"":""320.59507912060309"",""ADT"":""10112.062018662469"",""BAH"":""1083.3756901484433"",""CHTR"":""462.19255411930277"",""CPB"":""2951.4325604537967"",""CTSH"":""1697.0927735942694"",""DAL"":""701.77667223260789"",""DOX"":""1300.5224202870213"",""DVN"":""1590.7164356560031"",""EEFT"":""898.0516890464005"",""EXPE"":""256.87198343483686"",""G"":""2390.1237498656747"",""GAP"":""3518.6511306909024"",""GDDY"":""774.36855703706476"",""GEN"":""2640.7554488270812"",""HRB"":""1726.0610063368188"",""INTU"":""251.83296215059789"",""IT"":""507.08535041896351"",""KLAC"":""217.85291545293845"",""LULU"":""575.65600911986382"",""LW"":""1522.1955331474305"",""MELI"":""38.7232180708653"",""PYPL"":""1522.1955331474305"",""TDC"":""1896.9236110045038"",""THC"":""351.33848151221906"",""V"":""191.57772922937437"",""VZ"":""1552.3949721612198"",""WU"":""8536.156249520267""}",b622b07774f2485e523e5413bd0461861c27e9eb741bd8df9c946bb64102c83f
fcf_roe_value,10,12,2026-07-16,2034264.8018895143,0,0,16020.953231561827,"{""ACN"":""528.19353199378054"",""ADBE"":""320.59507912060309"",""ADT"":""10112.062018662469"",""BAH"":""1083.3756901484433"",""CHTR"":""462.19255411930277"",""CPB"":""2951.4325604537967"",""CTSH"":""1697.0927735942694"",""DAL"":""701.77667223260789"",""DOX"":""1300.5224202870213"",""DVN"":""1590.7164356560031"",""EEFT"":""898.0516890464005"",""EXPE"":""256.87198343483686"",""G"":""2390.1237498656747"",""GAP"":""3518.6511306909024"",""GDDY"":""774.36855703706476"",""GEN"":""2640.7554488270812"",""HRB"":""1726.0610063368188"",""INTU"":""251.83296215059789"",""IT"":""507.08535041896351"",""KLAC"":""217.85291545293845"",""LULU"":""575.65600911986382"",""LW"":""1522.1955331474305"",""MELI"":""38.7232180708653"",""PYPL"":""1522.1955331474305"",""TDC"":""1896.9236110045038"",""THC"":""351.33848151221906"",""V"":""191.57772922937437"",""VZ"":""1552.3949721612198"",""WU"":""8536.156249520267""}",b622b07774f2485e523e5413bd0461861c27e9eb741bd8df9c946bb64102c83f
fcf_roe_value,20,1,2021-06-30,998003.99201596843,3.637978807091713e-10,0,31838.050634684969,"{""ALSN"":""1395.1853604204664"",""CSX"":""1728.3250069547798"",""DKS"":""553.39521132956725"",""ELV"":""145.21913625748908"",""FAF"":""889.24885682613206"",""FNF"":""1275.7631436518484"",""GM"":""937.04015925484759"",""IBM"":""378.22952604617871"",""LOPE"":""616.25726601210772"",""MOH"":""219.09691860866727"",""MUSA"":""415.72067348811078"",""OMC"":""693.14497091023054"",""PAG"":""734.46372000409781"",""PHM"":""1016.0283346730682"",""URI"":""173.8022827595039"",""V"":""237.12542221841304"",""VZ"":""989.55320762286874"",""WSM"":""347.28885827190311""}",a44a5aa9cbd204f288133faac46cd6201e1c0a038bd31cb45b6eef5ff29afcad
fcf_roe_value,20,2,2021-12-31,1099077.9714334095,4.3655745685100555e-11,0.3287570526779387,31838.050634684969,"{""ALSN"":""2325.8448236872487"",""DKS"":""735.23314497809815"",""FAF"":""1080.7165964595615"",""FNF"":""1620.2464419515427"",""IBM"":""632.53373740110351"",""LOPE"":""986.40134571265321"",""MOH"":""265.79621271702558"",""MUSA"":""424.33476882669891"",""OMC"":""1153.8755198721374"",""PAG"":""788.51389051512308"",""SFM"":""2848.5329966654817"",""V"":""390.12717152430207"",""VZ"":""1627.1066077950634""}",b9a48a080d132146bd382f06c53ad7abbbfdc3a040cb4d8e92b2ee7d980fcca2
fcf_roe_value,20,3,2022-06-30,1002147.8639355608,0,0.64377498572244074,31838.050634684969,"{""ACI"":""1339.4833510687172"",""ALSN"":""930.84512719261693"",""BLDR"":""666.49897840886626"",""CE"":""304.31931928030036"",""CROX"":""735.3810384334522"",""DKS"":""474.87057371044341"",""DVA"":""447.61124487939128"",""FAF"":""676.32265949652538"",""FNF"":""968.37108064275219"",""GM"":""1126.920501906679"",""HUN"":""1262.4689643935139"",""LAD"":""130.23905658657299"",""LOPE"":""379.98720820210343"",""MOH"":""128.003272917836"",""MUSA"":""153.69517387622329"",""NRG"":""937.6734383169013"",""NVR"":""8.9384974402883319"",""PAG"":""341.87596848367679"",""PFE"":""682.64343201518443"",""REGN"":""60.546741225375335"",""RH"":""168.61865231582081"",""SAIC"":""384.43603802960394"",""SFM"":""1413.5464115543491"",""SGI"":""1674.8242929600431"",""THC"":""680.9550064793782"",""V"":""181.78168083984013"",""WHR"":""231.10347478889469"",""WSM"":""322.58670699004495""}",7e6b3ba5f4a48ef1ece67bdb75cd00b412e8cfa32feb03ad8ad935bdf58da136
fcf_roe_value,20,4,2022-12-30,1125908.1724892282,1.8189894035458565e-11,0.54177434078456144,31838.050634684969,"{""ACI"":""3015.9331739237873"",""ALSN"":""1503.6166833456573"",""BLDR"":""964.09454419203678"",""CE"":""611.80021544580734"",""DVA"":""837.69189804713199"",""EXPD"":""601.90968078502067"",""FAF"":""1195.0793662051842"",""FNF"":""1662.6914946087015"",""GM"":""1859.4070757187676"",""HOLX"":""836.12423509128917"",""HUM"":""122.12353624080778"",""HUN"":""2276.2173954577638"",""INTC"":""2366.6460093522264"",""MUSA"":""223.76208781276148"",""NVR"":""13.560838842292025"",""PAG"":""544.24827309822797"",""V"":""301.07072596832569"",""WSM"":""544.29563198032838""}",7403811bf39bb7233c58984cbc73e05ac1ea10ad58c8256e93b7e8b87014c065
fcf_roe_value,20,5,2023-06-30,1356000.0234432521,0,0.44634049041613372,31838.050634684969,"{""ALSN"":""1601.1335735544365"",""BLDR"":""664.70589384473146"",""CHRW"":""958.13462175817153"",""CROX"":""803.98436110711032"",""DVA"":""899.7710914987905"",""ELV"":""203.47070958806967"",""EXPD"":""746.30563496147511"",""GM"":""2344.3983807801733"",""HOLX"":""1116.4629067912001"",""HUM"":""202.17834089165004"",""LEN"":""721.41091343774224"",""NVR"":""14.234830861062933"",""V"":""380.66364141352318"",""WSM"":""722.39093465625285"",""WU"":""7706.7350010983173""}",ae3c3a24214090fe5a5221abcb58e3c9d91382b83735630497cc5697a57eaaef
fcf_roe_value,20,6,2023-12-29,1444985.0485815573,0,0.44021049553127756,31838.050634684969,"{""ALSN"":""1656.6179978005828"",""BLDR"":""577.04766126814354"",""CHRW"":""1115.0866601702035"",""CROX"":""1031.285050552445"",""DVA"":""919.55265914570339"",""GM"":""2681.8579223859656"",""HRB"":""1991.5719779223464"",""LEN"":""646.35223142850168"",""MOH"":""266.61962462180367"",""PHM"":""933.27200709265537"",""THC"":""1274.7431066839208"",""TOL"":""937.17615110520364"",""V"":""370.01089522605679"",""VZ"":""2555.2343918329943"",""WU"":""8081.5718600757446""}",24a65cee0d1eca8295eb31ea52413562d74889a3da66e290626c0556e22324e4
fcf_roe_value,20,7,2024-06-28,1667357.9497294726,0,0.70453704389016192,31838.050634684969,"{""ADM"":""1021.5715159326546"",""AGCO"":""630.91538759837533"",""ALSN"":""813.62316387521707"",""AM"":""4189.5521124917896"",""ARW"":""511.37792429719258"",""BG"":""578.38342360334343"",""BYD"":""1120.7622166629578"",""CE"":""457.81005365949278"",""CF"":""833.16241416795697"",""CNH"":""6096.1498655606092"",""CNM"":""1261.8307751967507"",""CROX"":""423.14648580326832"",""EOG"":""490.61728877515668"",""GM"":""1329.1863568258498"",""HOG"":""1841.2044763902497"",""MGM"":""1389.6039184997521"",""MIDD"":""503.66200259464136"",""MPC"":""355.97185922370869"",""NEU"":""119.77810605374434"",""NUE"":""390.65029186569438"",""OLN"":""1309.7348491649836"",""THC"":""464.21106621159868"",""TOL"":""536.15209357639321"",""V"":""235.28021540796652"",""VZ"":""1497.4296347751933"",""WCC"":""389.5659736192224"",""WU"":""5053.5186692413236""}",e3c3053a84703ee0e7e29e2660c326c851c8c82ce896660671587f6524f9da3f
fcf_roe_value,20,8,2024-12-31,1615590.9594050637,0,0.41979767707374005,31838.050634684969,"{""ADM"":""1279.1694057047221"",""AM"":""4282.5472747649146"",""ARW"":""571.28393189712313"",""BLDR"":""452.13487984469714"",""CE"":""933.73267412516361"",""CF"":""757.42661012895655"",""CROX"":""590.00856729848044"",""DVA"":""432.12061769443369"",""DVN"":""1974.4466353865741"",""EOG"":""527.19561409856885"",""GM"":""1213.1338159602508"",""HAL"":""2376.7428604708557"",""HOG"":""2144.8270287488408"",""LEN"":""473.88456681236755"",""MGM"":""1865.0400685772747"",""MIDD"":""477.10327335697724"",""MPC"":""463.25188800145207"",""OLN"":""1911.9419637929755"",""OVV"":""1595.6453920050017"",""SLGN"":""1241.5684606378975"",""TDC"":""2074.5951324623616"",""THC"":""511.9515042082117"",""V"":""204.47930127896012"",""VZ"":""1615.9949581446001"",""WU"":""6096.56965813227""}",ea3ae1e1c64da27ff9e26544045c98de71b667fcbd47b97cf5787cec8d5a2382
fcf_roe_value,20,9,2025-06-30,1557172.5574058273,0,0.51045811403057939,31838.050634684969,"{""APA"":""3701.6486970923238"",""BLDR"":""580.19671496973695"",""CF"":""735.90385510672388"",""CROX"":""668.47506585523888"",""DAL"":""1376.639989219573"",""DVA"":""475.27662105874765"",""DVN"":""2128.3607252379315"",""EEFT"":""667.81569017378774"",""EOG"":""566.03256140639246"",""EXPE"":""401.3703739021733"",""HAL"":""3322.0389926309422"",""HOG"":""2868.7777402465508"",""INGR"":""499.21217128608316"",""MGM"":""1968.6872541383716"",""OC"":""492.31496996668551"",""OMC"":""941.10584750929388"",""SLB"":""2003.0519133082428"",""TDC"":""3034.6550726050473"",""V"":""190.68625452702042"",""VZ"":""1564.667313839117"",""WEN"":""5928.4723879000521"",""WU"":""8040.754711379881"",""YETI"":""2147.9427242962606""}",92c450a7be2dfcb62bbcbda6cff7b0c72c0c6dfae5dfcad41ec0ac61f56d45e0
fcf_roe_value,20,10,2025-12-31,1642547.8495947926,1.3460521586239338e-10,0.43479515540191838,31838.050634684969,"{""CF"":""1179.8895566436747"",""CHTR"":""437.13848292609248"",""CROX"":""1067.0329549909004"",""DAL"":""1314.8798027495936"",""DVA"":""803.20973779440021"",""DVN"":""2491.2000630854982"",""EEFT"":""1198.9575392303482"",""EOG"":""868.99017532446237"",""FOUR"":""1449.1449628524981"",""HOG"":""4453.521635472026"",""HRB"":""2093.9113884998119"",""LW"":""2178.3876417002102"",""MGM"":""2500.757969603228"",""OC"":""815.41111885284431"",""TDC"":""2997.7877237457883"",""V"":""260.19405865479115"",""VZ"":""2240.4286351785368"",""WU"":""9801.5744694760251""}",24ca5cd1ec711d5f2ff063f8db267d9c1c22f24de475cce9dcaed71fc5feb57a
fcf_roe_value,20,11,2026-06-30,1884811.0138653691,0,0.65757408954143459,31838.050634684969,"{""ACN"":""522.28771485645507"",""ADBE"":""317.01045379347022"",""ADT"":""9998.9974210365017"",""BAH"":""1071.2622916884336"",""CHTR"":""457.02470456885777"",""CPB"":""2918.4321166024815"",""CTSH"":""1678.1173053637301"",""DAL"":""693.92999398609084"",""DOX"":""1285.98106918752"",""DVN"":""1572.930378430234"",""EEFT"":""888.01042815599487"",""EXPE"":""253.99985632615784"",""G"":""2363.3993904268095"",""GAP"":""3479.3085244506033"",""GDDY"":""765.71021720943997"",""GEN"":""2611.2287359074835"",""HRB"":""1706.7616396202013"",""INTU"":""249.01717715225007"",""IT"":""501.41554726691299"",""KLAC"":""215.41706684146124"",""LULU"":""569.21950636483848"",""LW"":""1505.1756191926186"",""MELI"":""38.290247519272093"",""PYPL"":""1505.1756191926186"",""TDC"":""1875.7138019260394"",""THC"":""347.41010924056894"",""V"":""189.43566771615983"",""VZ"":""1535.0373934042811"",""WU"":""8440.7121086671777""}",14113e72f4e8c4c5a92468deb08c561031f3228e62516625976c2de7ff17ce2c
fcf_roe_value,20,12,2026-07-16,2011519.3587874107,0,0,31838.050634684969,"{""ACN"":""522.28771485645507"",""ADBE"":""317.01045379347022"",""ADT"":""9998.9974210365017"",""BAH"":""1071.2622916884336"",""CHTR"":""457.02470456885777"",""CPB"":""2918.4321166024815"",""CTSH"":""1678.1173053637301"",""DAL"":""693.92999398609084"",""DOX"":""1285.98106918752"",""DVN"":""1572.930378430234"",""EEFT"":""888.01042815599487"",""EXPE"":""253.99985632615784"",""G"":""2363.3993904268095"",""GAP"":""3479.3085244506033"",""GDDY"":""765.71021720943997"",""GEN"":""2611.2287359074835"",""HRB"":""1706.7616396202013"",""INTU"":""249.01717715225007"",""IT"":""501.41554726691299"",""KLAC"":""215.41706684146124"",""LULU"":""569.21950636483848"",""LW"":""1505.1756191926186"",""MELI"":""38.290247519272093"",""PYPL"":""1505.1756191926186"",""TDC"":""1875.7138019260394"",""THC"":""347.41010924056894"",""V"":""189.43566771615983"",""VZ"":""1535.0373934042811"",""WU"":""8440.7121086671777""}",14113e72f4e8c4c5a92468deb08c561031f3228e62516625976c2de7ff17ce2c
growth_value,0,1,2021-06-30,1000000.0000000001,0,0,0,"{""ACGL"":""856.01780517034763"",""ACI"":""1695.4899966090202"",""AMKR"":""1408.2523588227011"",""BJ"":""700.57447106627444"",""BOKF"":""384.91147036181684"",""CBOE"":""279.99440011199778"",""CBSH"":""447.06723891273248"",""CNC"":""457.05928058869233"",""COKE"":""82.8919337859233"",""DKS"":""332.70120105133583"",""DTE"":""257.20164609053501"",""EVR"":""236.79287727025172"",""EXP"":""234.56008256514906"",""FRHC"":""511.63980557687387"",""GL"":""349.9562554680665"",""HOLX"":""499.60031974420468"",""HRB"":""1419.6479273140262"",""LAZ"":""736.64825046040517"",""LPX"":""552.88328633825404"",""MO"":""699.10514541387033"",""PB"":""464.25255338904367"",""PEG"":""557.97344046423393"",""PGR"":""339.40874995757395"",""PRI"":""217.66575247050633"",""SGI"":""850.55711491026636"",""VIRT"":""1206.4181445288939"",""VRTX"":""165.31931425548447"",""WSM"":""208.79006159306817"",""WTM"":""29.03524588497978"",""WY"":""968.42920782490808""}",5e8a5cd2b94d8a74228cb81f4453807ac4de483a551e3d8b99f804cb607fbdea
growth_value,0,2,2021-12-31,1111390.1781406873,0,0.35114190112846255,0,"{""ACGL"":""833.43845379879053"",""ACI"":""1227.1063024629427"",""BJ"":""553.17812858528066"",""CMS"":""569.5055998671213"",""COKE"":""59.830325540393481"",""DTE"":""309.90747257283118"",""EBAY"":""557.0878085918232"",""EVR"":""272.70032588410925"",""EXP"":""222.55400259135072"",""FDX"":""143.23515029135572"",""GL"":""395.28744420994713"",""HOLX"":""483.88635411907319"",""HPE"":""2349.1654579173269"",""HRB"":""1572.4252661865978"",""KEY"":""1601.6575560465303"",""LAD"":""124.75615178096058"",""LAZ"":""849.10243574045933"",""LITE"":""350.25375126554076"",""LPX"":""472.83138827512755"",""MOH"":""116.46862195471657"",""PB"":""512.39750029538368"",""PGR"":""360.89955451881383"",""PRI"":""241.70639571577112"",""REGN"":""58.662178983019132"",""SFM"":""1248.1920239675285"",""SGI"":""787.71718629292457"",""TOL"":""511.76045408697667"",""VIRT"":""1284.9926906471121"",""WSM"":""219.04061533350821"",""WY"":""899.61970061574164""}",58c49bfc7549e64556a43c288f76423d22996bf0001511dc41db0fc6e59ffd2e
growth_value,0,3,2022-06-30,951624.03791134071,0,0.84784796722282318,0,"{""ABBV"":""207.10891397043196"",""ALLY"":""946.60702070162222"",""AN"":""283.82964623936431"",""AXP"":""228.83278937895943"",""BLDR"":""590.70393414732507"",""BYD"":""637.60404550173587"",""CF"":""370.00817991031562"",""CLF"":""2063.8127042102378"",""CNH"":""2736.9112393193577"",""COF"":""304.45149499674977"",""COP"":""353.19898968613023"",""ETSY"":""433.28508760703949"",""FCX"":""1084.1012051849405"",""HOG"":""1001.9204442107188"",""HRB"":""898.09743102240532"",""LPX"":""605.24329829634348"",""M"":""1731.4847851370828"",""MRNA"":""222.0567116815636"",""NLY"":""5367.3098584959989"",""NRG"":""831.04011694292262"",""NUE"":""303.8099919903396"",""OLN"":""685.41057181744509"",""PFE"":""605.0124215851871"",""PRU"":""331.53011354213373"",""REGN"":""53.661294916027536"",""RITM"":""3403.5194488960683"",""SYF"":""1148.4721674044663"",""WEC"":""315.19079157105881"",""WMB"":""1016.3665896735455"",""WY"":""957.75366134394199""}",dddac98eb87e5a1661c127e16c5224906bd25a0ffaa0f133bbbb6ee013e4e156
growth_value,0,4,2022-12-30,1128551.1470555929,0,0.32005460139345626,0,"{""ABBV"":""232.77254853362885"",""ALLY"":""1538.5837042339372"",""AN"":""350.59060175694094"",""AXP"":""254.60826780724034"",""BLDR"":""579.81460494019359"",""BX"":""507.05447592020164"",""BYD"":""689.86560734494333"",""CF"":""441.53018272910515"",""CLF"":""2335.0944486976887"",""COP"":""318.7997590552522"",""DBX"":""1680.8923846523576"",""DOW"":""746.54438516609957"",""FCX"":""989.95714653999369"",""GS"":""109.55318180592859"",""LPX"":""635.44546568445537"",""M"":""1821.7129088871557"",""MKSI"":""443.97936467036186"",""MRNA"":""209.43308968110321"",""NLY"":""1784.552730954448"",""NUE"":""285.39846421758409"",""OLN"":""710.5850315171848"",""OMF"":""1129.3416862359579"",""ON"":""603.14849396376076"",""PVH"":""532.91360771383711"",""RITM"":""4604.4518443720635"",""ST"":""931.60900367805243"",""SYF"":""1144.8074123104004"",""V"":""181.06647847766538"",""WEC"":""401.219833281994"",""WY"":""1213.4958570490246""}",f32102564c48be5b3662cd4af9ada17cc937ec07501f50673ecd31d36b3d6b3d
growth_value,0,5,2023-06-30,1275058.1757488097,0,0.84920967805501868,0,"{""AAL"":""2369.1158969691742"",""AEE"":""520.4106672171788"",""AMG"":""283.55420102493156"",""AMGN"":""191.43293032892075"",""AMP"":""127.95622348153596"",""BJ"":""674.52688766270421"",""BKNG"":""15.739535238888207"",""BLDR"":""312.51425876196316"",""CF"":""612.24343404821354"",""CSL"":""165.68019019852255"",""DAL"":""894.02480419913729"",""DINO"":""952.74465796070365"",""DOW"":""798.00862169784057"",""EQH"":""1564.8725770113031"",""GPK"":""1768.7032539170614"",""HBAN"":""3942.6659732492571"",""LAZ"":""1328.1855997383434"",""LNG"":""278.95733257828158"",""MOS"":""1214.3411197607711"",""MUSA"":""136.61386387974346"",""NI"":""1554.0014329662517"",""PFE"":""1158.7224425198199"",""PFG"":""560.41586486849928"",""PK"":""3315.2838683016371"",""SYY"":""572.80241498149576"",""UAL"":""774.59338785542172"",""V"":""178.97060464724183"",""VLO"":""362.33537247763843"",""WMB"":""1302.5418078954026"",""WTM"":""30.600931083818956""}",383c76ecb9198b8ade81ab231fec90c7af191b30ecab2cde5c30214c1feec798
growth_value,0,6,2023-12-29,1363149.3250722487,0,0.44217623309306481,0,"{""AAL"":""3307.0095222519381"",""ALSN"":""781.39829468171331"",""AMG"":""300.08130257391116"",""AMP"":""119.62801999774013"",""BKNG"":""12.809555323814601"",""CF"":""571.55107969486323"",""CNM"":""1124.4323394145417"",""CSL"":""145.43517215293545"",""CTRA"":""1780.4980735008476"",""DAL"":""1129.4633565931304"",""DINO"":""817.67699902360312"",""DOW"":""828.56146673489468"",""EEFT"":""447.71219662766413"",""EPR"":""937.8392329358436"",""EQH"":""1364.5138389111601"",""EXPE"":""299.34983092260114"",""GPK"":""1843.3391819773481"",""HBAN"":""3572.1942480928951"",""KNSL"":""135.67319827936348"",""MCHP"":""503.8623956059173"",""MOH"":""125.75990378273956"",""MOS"":""1271.7131496149352"",""MUSA"":""127.43524465936063"",""PFE"":""1578.267135663134"",""PFG"":""577.58117243856145"",""RITM"":""4254.5234864926615"",""SNX"":""422.24989160618554"",""SON"":""813.2863940530093"",""SSB"":""538.04986187971133"",""UAL"":""1101.2678341187986""}",7864386245a750becb58cb8893a261e93aad35d08e5d719c864fc88cb98e5493
growth_value,0,7,2024-06-28,1417956.2885382902,0,0.86606977199944557,0,"{""ACGL"":""468.48260103026075"",""AM"":""3206.5949537274769"",""APO"":""400.31514879260618"",""AXP"":""204.12528446531206"",""BYD"":""857.80779705885675"",""CCL"":""2524.8509411294344"",""CPAY"":""177.41529829189221"",""CPNG"":""2256.0959244841533"",""CVNA"":""367.19398398029062"",""DAL"":""996.31554843893366"",""EEFT"":""456.66869196080199"",""EOG"":""375.50814028714552"",""EXPE"":""375.15048510153986"",""F"":""3769.1554719252799"",""FRHC"":""626.85954400454909"",""GL"":""574.44348101535013"",""HALO"":""902.6968987384073"",""KNSL"":""122.67755818610624"",""KO"":""742.57988402109993"",""LEA"":""413.84475630805542"",""MPC"":""272.45336417998044"",""MTB"":""312.27014811008854"",""PEG"":""641.31899074549528"",""RNR"":""211.46798630013427"",""TGT"":""319.27323438221435"",""VICI"":""1650.3215648723117"",""VLO"":""301.5132024619993"",""VOYA"":""664.30371915591013"",""WFRD"":""385.99599524657418"",""WSC"":""1255.7175775223966""}",c5e9c988d362c5eef4502bd8359ee939abd7752552f1d6afeaf1fe5e38a151fd
growth_value,0,8,2024-12-31,1567135.7539165728,0,0.41469966233039984,0,"{""ACGL"":""565.65087670693845"",""AIZ"":""244.99511520441683"",""AM"":""3461.7533773284135"",""AMP"":""98.112162094333087"",""CROX"":""476.9274031213892"",""DAL"":""863.43567708902083"",""EEFT"":""507.95272718675375"",""EOG"":""426.15319353798139"",""EXPE"":""280.35130394400124"",""F"":""5276.5513599884598"",""FITB"":""1235.5217233653207"",""FRHC"":""399.70815260452798"",""GEN"":""1907.8838007262877"",""GL"":""468.41695179237587"",""HOOD"":""1401.982245407562"",""JPM"":""217.92106488626155"",""KNSL"":""112.30808260891742"",""MGM"":""1507.5861028538459"",""MPC"":""374.46493522498753"",""MTB"":""277.84617022438039"",""NOV"":""3577.9355112250519"",""NSA"":""1377.944037559635"",""PEG"":""618.27267681247201"",""PEP"":""343.53451574303404"",""RNR"":""209.95079966193384"",""SJM"":""474.37212553474171"",""VICI"":""1788.3553051655513"",""VLO"":""426.11843106196062"",""VOYA"":""758.94026534775185"",""WFRD"":""729.27346731656792""}",ab025aa5334cc881c2d8f1bed61caefa001d32798bd4873fdb09e066a9b511ac
growth_value,0,9,2025-06-30,1645566.975122903,0,0.77772391134955587,0,"{""ALK"":""1108.5738177869193"",""CCL"":""1950.6483820802548"",""DUK"":""464.84942800082007"",""DVA"":""385.06305724181658"",""EVRG"":""795.76719141298076"",""EXPE"":""325.18515831216962"",""FITB"":""1333.6307440820999"",""FNF"":""978.45580635206511"",""FTI"":""1592.6896778193025"",""HALO"":""1054.4450692829059"",""HOOD"":""585.84035569899356"",""IBKR"":""989.93381166029189"",""IRDM"":""1818.1051542624052"",""KNSL"":""113.35447923971228"",""LAZ"":""1143.2311901645846"",""LNC"":""1585.3246388467273"",""LVS"":""1260.6810504274138"",""META"":""74.316455315878514"",""MRK"":""692.92865720182886"",""MUSA"":""134.8383296560884"",""NVR"":""7.4268558942730607"",""PEP"":""415.42133068840332"",""PGR"":""205.54685042380561"",""SYF"":""821.87942019923241"",""UAL"":""688.83878568500279"",""VIRT"":""1224.6535499909974"",""VST"":""283.02065169029856"",""WFRD"":""1090.2848838023608"",""WMT"":""560.97599206480641"",""XOM"":""508.83332564097191""}",5b6aaed36a7477c2041fd7b13e27bc06787b63e50f913e1ad0a9755eb9c2ef07
growth_value,0,10,2025-12-31,1813289.1112221899,0,0.39924356477103173,0,"{""CCL"":""1979.1411386402422"",""CI"":""219.60894660492312"",""CROX"":""706.76999969683118"",""CRUS"":""510.06726054070037"",""DUK"":""515.68100310615989"",""DVA"":""532.02156829568696"",""EVR"":""177.64282255421895"",""EVRG"":""833.81115152535529"",""EXPE"":""213.34570037793583"",""FNF"":""1107.2168963926176"",""FOUR"":""959.86930878311887"",""FTI"":""1356.440089184762"",""HALO"":""898.11248698473992"",""HHH"":""757.71556191642219"",""IBKR"":""939.86892200393402"",""KBR"":""1503.5564769669897"",""KNSL"":""154.53817338431426"",""LAZ"":""1244.7069681646003"",""LNC"":""1357.3539271069615"",""LVS"":""928.60608963086486"",""MU"":""211.77593768288776"",""MUSA"":""149.7892802688169"",""NLY"":""2703.1739881070212"",""PEP"":""421.14667206015184"",""PFG"":""685.21675971061109"",""PGR"":""265.42670988087565"",""PR"":""4308.1233338612255"",""QSR"":""885.87088339547108"",""SYF"":""724.47525319516956"",""VIRT"":""1814.0147171090334""}",4cffe243694fcaeac5022aec9430e5c7ae24c379c44d1cf72f01e12c48642090
growth_value,0,11,2026-06-30,2171305.6398063158,0,0.76717802503880683,0,"{""AMT"":""442.48245191789766"",""CACC"":""113.66783092032937"",""CBOE"":""298.25217233366516"",""CF"":""668.54659763726693"",""CRUS"":""487.28778469137899"",""CVNA"":""1099.6179680980026"",""D"":""1059.8455800294407"",""DLTR"":""598.40309764539495"",""DXCM"":""1074.6377826311882"",""EQT"":""1361.2348064737732"",""EVR"":""211.97532409855472"",""EXE"":""793.69289023150043"",""FAF"":""1055.2100110834017"",""FOX"":""1545.1933104229402"",""HALO"":""924.70748256305762"",""IBKR"":""831.53555446013922"",""KEY"":""3139.9936945861396"",""KLAC"":""239.88881594978795"",""KNSL"":""219.45015208820388"",""LYFT"":""4953.9257125400773"",""MPC"":""283.0870053592933"",""NEM"":""774.91279079454512"",""NI"":""1522.1210233482759"",""OMF"":""1187.0896286732905"",""PEG"":""891.77987506420061"",""PGR"":""331.32000302225003"",""PNFP"":""717.4549431028006"",""RNR"":""228.39020088422382"",""VIRT"":""1214.9883273495136"",""WTM"":""34.907496737328977""}",b57ec692f2696013091adc41b35b6c367cba5215e9d74417bbb980134d0782e5
growth_value,0,12,2026-07-16,2218723.9745579315,0,0,0,"{""AMT"":""442.48245191789766"",""CACC"":""113.66783092032937"",""CBOE"":""298.25217233366516"",""CF"":""668.54659763726693"",""CRUS"":""487.28778469137899"",""CVNA"":""1099.6179680980026"",""D"":""1059.8455800294407"",""DLTR"":""598.40309764539495"",""DXCM"":""1074.6377826311882"",""EQT"":""1361.2348064737732"",""EVR"":""211.97532409855472"",""EXE"":""793.69289023150043"",""FAF"":""1055.2100110834017"",""FOX"":""1545.1933104229402"",""HALO"":""924.70748256305762"",""IBKR"":""831.53555446013922"",""KEY"":""3139.9936945861396"",""KLAC"":""239.88881594978795"",""KNSL"":""219.45015208820388"",""LYFT"":""4953.9257125400773"",""MPC"":""283.0870053592933"",""NEM"":""774.91279079454512"",""NI"":""1522.1210233482759"",""OMF"":""1187.0896286732905"",""PEG"":""891.77987506420061"",""PGR"":""331.32000302225003"",""PNFP"":""717.4549431028006"",""RNR"":""228.39020088422382"",""VIRT"":""1214.9883273495136"",""WTM"":""34.907496737328977""}",b57ec692f2696013091adc41b35b6c367cba5215e9d74417bbb980134d0782e5
growth_value,5,1,2021-06-30,999500.24987506215,0,0,9817.165817144034,"{""ACGL"":""855.59001016526508"",""ACI"":""1694.6426752713844"",""AMKR"":""1407.5485845304358"",""BJ"":""700.22435888683106"",""BOKF"":""384.71911080641365"",""CBOE"":""279.85447287556002"",""CBSH"":""446.8438170042304"",""CNC"":""456.83086515611433"",""COKE"":""82.850508531657468"",""DKS"":""332.53493358454358"",""DTE"":""257.07310953576712"",""EVR"":""236.6745400002516"",""EXP"":""234.44286113458179"",""FRHC"":""511.38411352011383"",""GL"":""349.7813647856737"",""HOLX"":""499.35064442199371"",""HRB"":""1418.9384580849837"",""LAZ"":""736.28011040520266"",""LPX"":""552.60698284683065"",""MO"":""698.75576753010523"",""PB"":""464.02054311748498"",""PEG"":""557.69459316765017"",""PGR"":""339.23913039237777"",""PRI"":""217.55697398351458"",""SGI"":""850.13204888582345"",""VIRT"":""1205.8152369104387"",""VRTX"":""165.23669590753073"",""WSM"":""208.68571873370132"",""WTM"":""29.020735517221169"",""WY"":""967.94523520729126""}",a27594271ca36f131125fc54f5843e32a546ed6a402ab9c5a7e6e2b0a7a1fef7
growth_value,5,2,2021-12-31,1110390.2588930123,0,0.40035127990027519,9817.165817144034,"{""ACGL"":""832.68860809374746"",""ACI"":""1226.0022732615791"",""BJ"":""552.68043347419859"",""CMS"":""568.99321490802583"",""COKE"":""59.776496115517169"",""DTE"":""309.62864840025998"",""EBAY"":""556.58659593634707"",""EVR"":""272.4549770317783"",""EXP"":""222.35377045396538"",""FDX"":""143.10628143275241"",""GL"":""394.93180356132183"",""HOLX"":""483.45100091127324"",""HPE"":""2347.0519105749577"",""HRB"":""1571.010553046141"",""KEY"":""1600.2165425753169"",""LAD"":""124.64390850233063"",""LAZ"":""848.33849712966025"",""LITE"":""349.93862749141607"",""LPX"":""472.40598123506169"",""MOH"":""116.36383497788947"",""PB"":""511.93649557077566"",""PGR"":""360.57485270109186"",""PRI"":""241.48893214436666"",""REGN"":""58.609400541181721"",""SFM"":""1247.0690239139851"",""SGI"":""787.00847607414585"",""TOL"":""511.30002251370462"",""VIRT"":""1283.8365809839431"",""WSM"":""218.84354419539397"",""WY"":""898.81031155335302""}",5a4c1979a16bd899319ce6101a594482d866f48600d42a2fdcbe885c40662b83
growth_value,5,3,2022-06-30,949935.36528276128,0,0.8760408042313087,9817.165817144034,"{""ABBV"":""206.7413957697313"",""ALLY"":""944.92725085323923"",""AN"":""283.32598582759522"",""AXP"":""228.42672180126996"",""BLDR"":""589.65572022517767"",""BYD"":""636.472606554614"",""CF"":""369.35159426212579"",""CLF"":""2060.1504343586239"",""CNH"":""2732.054544960487"",""COF"":""303.91124077255057"",""COP"":""352.572232224608"",""ETSY"":""432.51621603731797"",""FCX"":""1082.1774496272058"",""HOG"":""1000.142519775491"",""HRB"":""896.50374224496159"",""LPX"":""604.16928403152156"",""M"":""1728.4122366862468"",""MRNA"":""221.66266836606263"",""NLY"":""5357.7854781881633"",""NRG"":""829.56542248079757"",""NUE"":""303.27087612385833"",""OLN"":""684.19429939697591"",""PFE"":""603.93881701491603"",""PRU"":""330.94180786049378"",""REGN"":""53.566072058755339"",""RITM"":""3397.4798472201765"",""SYF"":""1146.4341845073152"",""WEC"":""314.63148028708309"",""WMB"":""1014.563030313747"",""WY"":""956.05411159697996""}",da19a1f142e8beea51281aaeffc4f2e180c8ccdf2817e0a6d7301fcc9ae1861f
growth_value,5,4,2022-12-30,1126099.5520893428,0,0.39872826186272115,9817.165817144034,"{""ABBV"":""232.26688779352531"",""ALLY"":""1535.2413798082466"",""AN"":""349.82900033841219"",""AXP"":""254.055172496187"",""BLDR"":""578.55505142280572"",""BX"":""505.9529820233405"",""BYD"":""688.36698581169321"",""CF"":""440.57102976891582"",""CLF"":""2330.0218334147503"",""COP"":""318.10721810433586"",""DBX"":""1677.240917618929"",""DOW"":""744.92263814867295"",""FCX"":""987.80662463977967"",""GS"":""109.31519522485767"",""LPX"":""634.06506311337205"",""M"":""1817.7555320247764"",""MKSI"":""443.01489125825123"",""MRNA"":""208.97813014314457"",""NLY"":""1780.6760785726583"",""NUE"":""284.77848218125808"",""OLN"":""709.04140038367268"",""OMF"":""1126.8883739511145"",""ON"":""601.83825134378117"",""PVH"":""531.75593903260562"",""RITM"":""4594.4494169292084"",""ST"":""929.58523368775695"",""SYF"":""1142.3205032352901"",""V"":""180.67314081782649"",""WEC"":""400.34824804086634"",""WY"":""1210.8597334292119""}",2577525fb79e8fd8c7c18ea788faf753a7ff86b8a831c133df22fb443ae6ec47
growth_value,5,5,2023-06-30,1271171.5917802658,0,0.87816928663585792,9817.165817144034,"{""AAL"":""2361.89444775226"",""AEE"":""518.82437116046958"",""AMG"":""282.68988186453771"",""AMGN"":""190.84941173171583"",""AMP"":""127.56619217448082"",""BJ"":""672.47082038843917"",""BKNG"":""15.69155858457135"",""BLDR"":""311.56166465202614"",""CF"":""610.37721683485381"",""CSL"":""165.17517012698536"",""DAL"":""891.29967170121063"",""DINO"":""949.8405378317766"",""DOW"":""795.57616208553418"",""EQH"":""1560.1025917774502"",""GPK"":""1763.3119597451332"",""HBAN"":""3930.6480883743557"",""LAZ"":""1324.137074771111"",""LNG"":""278.10702541792824"",""MOS"":""1210.6396112193015"",""MUSA"":""136.19744268160954"",""NI"":""1549.2645847413364"",""PFE"":""1155.1904687207075"",""PFG"":""558.70762648570076"",""PK"":""3305.1783457625233"",""SYY"":""571.05642038646295"",""UAL"":""772.23230167077736"",""V"":""178.42507323848557"",""VLO"":""361.23091553858103"",""WMB"":""1298.5714493618004"",""WTM"":""30.507654486377753""}",72399ba25fa663aa239c9736fec3aee161268d24c4544495d79d8f6acf5b67d8
growth_value,5,6,2023-12-29,1358348.3192245672,0,0.47551985141293857,9817.165817144034,"{""AAL"":""3295.3622494530987"",""ALSN"":""778.64621337034532"",""AMG"":""299.02441756363481"",""AMP"":""119.20669064446089"",""BKNG"":""12.764440127053181"",""CF"":""569.5380793394412"",""CNM"":""1120.4720937264435"",""CSL"":""144.92295012478181"",""CTRA"":""1774.2271672212219"",""DAL"":""1125.4853916849511"",""DINO"":""814.79714427722831"",""DOW"":""825.64327694175017"",""EEFT"":""446.13535626648519"",""EPR"":""934.53616733716365"",""EQH"":""1359.7080272518194"",""EXPE"":""298.29552215222071"",""GPK"":""1836.8469495937356"",""HBAN"":""3559.6129958715078"",""KNSL"":""135.19535787968582"",""MCHP"":""502.08779449418472"",""MOH"":""125.31697796209787"",""MOS"":""1267.2341815697057"",""MUSA"":""126.98641829561807"",""PFE"":""1572.708485845279"",""PFG"":""575.54693412337076"",""RITM"":""4239.5390737346052"",""SNX"":""420.76272936981303"",""SON"":""810.42200299777312"",""SSB"":""536.15485266412759"",""UAL"":""1097.3891737151052""}",44e54cbeeb9c7a5f0e24766a3f0c1f23239487c941b2f53a93bdfc7e5e0289d8
growth_value,5,7,2024-06-28,1411727.7802405762,0,0.87411380084271262,9817.165817144034,"{""ACGL"":""466.42474650298237"",""AM"":""3192.5096794223805"",""APO"":""398.55672630376802"",""AXP"":""203.228644675819"",""BYD"":""854.039794458909"",""CCL"":""2513.7602924511693"",""CPAY"":""176.63598466531244"",""CPNG"":""2246.1858078609016"",""CVNA"":""365.58104936828693"",""DAL"":""991.93913732474482"",""EEFT"":""454.66273115638541"",""EOG"":""373.85868495023345"",""EXPE"":""373.50260079915779"",""F"":""3752.5990968649039"",""FRHC"":""624.10600364304889"",""GL"":""571.92018321203068"",""HALO"":""898.73171647604829"",""KNSL"":""122.13868530597459"",""KO"":""739.31803102413028"",""LEA"":""412.02690372722083"",""MPC"":""271.25658678052741"",""MTB"":""310.89847168793528"",""PEG"":""638.5019358844761"",""RNR"":""210.53909299219674"",""TGT"":""317.87079623538159"",""VICI"":""1643.0723699261832"",""VLO"":""300.18877695002482"",""VOYA"":""661.38570168216279"",""WFRD"":""384.30047100600973"",""WSC"":""1250.2017182435004""}",ae19c5b346cda02d10fffdbac7b4b22265fcf4715aea4ca27f371ac068d78d50
growth_value,5,8,2024-12-31,1559524.6158661337,1.0186340659856796e-10,0.46640440595648402,9817.165817144034,"{""ACGL"":""562.90366932544089"",""AIZ"":""243.80524276430194"",""AM"":""3444.9406137975125"",""AMP"":""97.635658888876407"",""CROX"":""474.61110072313028"",""DAL"":""859.24221259842079"",""EEFT"":""505.48574350646112"",""EOG"":""424.0834872100217"",""EXPE"":""278.98971642894037"",""F"":""5250.9246325459053"",""FITB"":""1229.5211414901717"",""FRHC"":""397.76688241031803"",""GEN"":""1898.6177451499073"",""GL"":""466.14198226510456"",""HOOD"":""1395.1732115460136"",""JPM"":""216.86268350174987"",""KNSL"":""111.76263380604232"",""MGM"":""1500.2641807274015"",""MPC"":""372.64626424519327"",""MTB"":""276.49674943994717"",""NOV"":""3560.5584837126344"",""NSA"":""1371.2517505197695"",""PEG"":""615.26990013261286"",""PEP"":""341.86606512037656"",""RNR"":""208.93112761627128"",""SJM"":""472.06823340178403"",""VICI"":""1779.669765909088"",""VLO"":""424.04889356558004"",""VOYA"":""755.2543057126901"",""WFRD"":""725.73159098428675""}",bcbbc41c5edf0341c26a695b3f8a064108517b32e3337e34cf851003764037cf
growth_value,5,9,2025-06-30,1636225.9227906552,0,0.82418847479435697,9817.165817144034,"{""ALK"":""1102.2810043052111"",""CCL"":""1939.5755367361962"",""DUK"":""462.21071265272747"",""DVA"":""382.87724881026213"",""EVRG"":""791.25002311071864"",""EXPE"":""323.33924646088354"",""FITB"":""1326.0603961347394"",""FNF"":""972.90160708208771"",""FTI"":""1583.6487831887875"",""HALO"":""1048.4595173591279"",""HOOD"":""582.51483598229026"",""IBKR"":""984.31445755318248"",""IRDM"":""1807.7846898581981"",""KNSL"":""112.71102313085728"",""LAZ"":""1136.7416442897425"",""LNC"":""1576.3255518214403"",""LVS"":""1253.524801034747"",""META"":""73.894598345759775"",""MRK"":""688.99525130143809"",""MUSA"":""134.07292058264954"",""NVR"":""7.3846973856123679"",""PEP"":""413.06319367632415"",""PGR"":""204.38006480185055"",""SYF"":""817.21402596676421"",""UAL"":""684.92859591889794"",""VIRT"":""1217.7018105162276"",""VST"":""281.41408644044083"",""WFRD"":""1084.0958873588122"",""WMT"":""557.79161477829655"",""XOM"":""505.94493592784579""}",84e34aaa04d9e715a06c7232e48d82d5a20657d8fbbc218aa12ea481723824ed
growth_value,5,10,2025-12-31,1802181.0657994796,0,0.45220662055351885,9817.165817144034,"{""CCL"":""1967.0170986678565"",""CI"":""218.26364202055129"",""CROX"":""702.44039047376441"",""CRUS"":""506.94263454275386"",""DUK"":""512.52198782796972"",""DVA"":""528.76245219009184"",""EVR"":""176.55459865779966"",""EVRG"":""828.70329967328371"",""EXPE"":""212.03876387461202"",""FNF"":""1100.4341856258716"",""FOUR"":""953.9892360380552"",""FTI"":""1348.1306596345676"",""HALO"":""892.61073095566621"",""HHH"":""753.07386477769012"",""IBKR"":""934.11136982298763"",""KBR"":""1494.3458257043862"",""KNSL"":""153.59148648321829"",""LAZ"":""1237.0820056284253"",""LNC"":""1349.0388994681414"",""LVS"":""922.91753254442051"",""MU"":""210.47861740414257"",""MUSA"":""148.87168465829782"",""NLY"":""2686.6145882520723"",""PEP"":""418.56676556101121"",""PFG"":""681.01918369024304"",""PGR"":""263.80072981431732"",""PR"":""4281.7321591814925"",""QSR"":""880.44411832502317"",""SYF"":""720.03718318729864"",""VIRT"":""1802.9022266898514""}",574ca7dc39a6436fd38da028edaa36a8bf6c65c3814627114261ca03ea7ac653
growth_value,5,11,2026-06-30,2156301.3254278521,0,0.78959224988846566,9817.165817144034,"{""AMT"":""439.42477745060313"",""CACC"":""112.8823551961478"",""CBOE"":""296.19116844931455"",""CF"":""663.92675824492107"",""CRUS"":""483.92049315017272"",""CVNA"":""1092.0193079245694"",""D"":""1052.5217579088469"",""DLTR"":""594.26796897556972"",""DXCM"":""1067.2117423547909"",""EQT"":""1351.8283025690266"",""EVR"":""210.51051677482181"",""EXE"":""788.20825581308429"",""FAF"":""1047.9182220089685"",""FOX"":""1534.5156030656522"",""HALO"":""918.31750156631097"",""IBKR"":""825.78941690711338"",""KEY"":""3118.2954814574905"",""KLAC"":""238.23111878159543"",""KNSL"":""217.93369166367046"",""LYFT"":""4919.692734263871"",""MPC"":""281.1307969163185"",""NEM"":""769.55793198710012"",""NI"":""1511.6027517895932"",""OMF"":""1178.8865154599828"",""PEG"":""885.61743281906308"",""PGR"":""329.03049140579151"",""PNFP"":""712.49713369939684"",""RNR"":""226.81196228335486"",""VIRT"":""1206.5924265166216"",""WTM"":""34.666276410898398""}",1dd58765decf40a2ec6a036ce9887f670ee29ed575d3d5e2a806e53a71301640
growth_value,5,12,2026-07-16,2203391.98654897,0,0,9817.165817144034,"{""AMT"":""439.42477745060313"",""CACC"":""112.8823551961478"",""CBOE"":""296.19116844931455"",""CF"":""663.92675824492107"",""CRUS"":""483.92049315017272"",""CVNA"":""1092.0193079245694"",""D"":""1052.5217579088469"",""DLTR"":""594.26796897556972"",""DXCM"":""1067.2117423547909"",""EQT"":""1351.8283025690266"",""EVR"":""210.51051677482181"",""EXE"":""788.20825581308429"",""FAF"":""1047.9182220089685"",""FOX"":""1534.5156030656522"",""HALO"":""918.31750156631097"",""IBKR"":""825.78941690711338"",""KEY"":""3118.2954814574905"",""KLAC"":""238.23111878159543"",""KNSL"":""217.93369166367046"",""LYFT"":""4919.692734263871"",""MPC"":""281.1307969163185"",""NEM"":""769.55793198710012"",""NI"":""1511.6027517895932"",""OMF"":""1178.8865154599828"",""PEG"":""885.61743281906308"",""PGR"":""329.03049140579151"",""PNFP"":""712.49713369939684"",""RNR"":""226.81196228335486"",""VIRT"":""1206.5924265166216"",""WTM"":""34.666276410898398""}",1dd58765decf40a2ec6a036ce9887f670ee29ed575d3d5e2a806e53a71301640
growth_value,10,1,2021-06-30,999000.99900099868,0,0,19556.364563014879,"{""ACGL"":""855.16264252781991"",""ACI"":""1693.7962004086116"",""AMKR"":""1406.8455133093917"",""BJ"":""699.87459646980471"",""BOKF"":""384.52694341839845"",""CBOE"":""279.71468542657124"",""CBSH"":""446.62061829443809"",""CNC"":""456.60267791078161"",""COKE"":""82.809124661262047"",""DKS"":""332.36883221911671"",""DTE"":""256.94470138914591"",""EVR"":""236.55632094930243"",""EXP"":""234.32575680834074"",""FRHC"":""511.12867689997393"",""GL"":""349.60664881924731"",""HOLX"":""499.10121852567903"",""HRB"":""1418.2296976164098"",""LAZ"":""735.91233812228302"",""LPX"":""552.33095538287125"",""MO"":""698.40673867519513"",""PB"":""463.78876462441929"",""PEG"":""557.41602443979411"",""PGR"":""339.0696802772967"",""PRI"":""217.44830416633999"",""SGI"":""849.70740750276366"",""VIRT"":""1205.2129315972966"",""VRTX"":""165.1541600953891"",""WSM"":""208.58148011295523"",""WTM"":""29.006239645334446"",""WY"":""967.46174607881619""}",4065e60430fc898cc7861cfa0927c1063fcace1df1ffbb41d83d0c960288c2b2
growth_value,10,2,2021-12-31,1109391.5162065439,0,0.40047127726261972,19556.364563014879,"{""ACGL"":""831.93964469932052"",""ACI"":""1224.8995431230474"",""BJ"":""552.18332397916686"",""CMS"":""568.48143284988168"",""COKE"":""59.722730029368691"",""DTE"":""309.3501523078869"",""EBAY"":""556.08597303586168"",""EVR"":""272.20991687070153"",""EXP"":""222.15377392097079"",""FDX"":""142.97756420849367"",""GL"":""394.57658137947931"",""HOLX"":""483.01615996453501"",""HPE"":""2344.9408501512239"",""HRB"":""1569.5975045367063"",""KEY"":""1598.7772246815739"",""LAD"":""124.53179729545312"",""LAZ"":""847.5754574119826"",""LITE"":""349.62387450964172"",""LPX"":""471.98107475283734"",""MOH"":""116.25917129931088"",""PB"":""511.47603329024622"",""PGR"":""360.2505329457847"",""PRI"":""241.27172445282702"",""REGN"":""58.556684201426407"",""SFM"":""1245.9473452454447"",""SGI"":""786.30059976365726"",""TOL"":""510.84013271010912"",""VIRT"":""1282.6818316644053"",""WSM"":""218.64670494226192"",""WY"":""898.00187486364257""}",e04e7abbc5e032653cb25f4ff045ab847bc447f70465d77727f7a4e6d37c0691
growth_value,10,3,2022-06-30,948249.91788223421,0,0.87609912721823524,19556.364563014879,"{""ABBV"":""206.3745794990499"",""ALLY"":""943.25068922931916"",""AN"":""282.82328736645024"",""AXP"":""228.02142977978994"",""BLDR"":""588.60950830678735"",""BYD"":""635.34332856431126"",""CF"":""368.69626263938505"",""CLF"":""2056.4951591460303"",""CNH"":""2727.2071264947785"",""COF"":""303.37201839019565"",""COP"":""351.9466718191124"",""ETSY"":""431.7488129500681"",""FCX"":""1080.2573682868929"",""HOG"":""998.36799103204305"",""HRB"":""894.91309728410204"",""LPX"":""603.09732104702323"",""M"":""1725.345556554284"",""MRNA"":""221.26937764140345"",""NLY"":""5348.2792886758853"",""NRG"":""828.09354456574488"",""NUE"":""302.73278992505016"",""OLN"":""682.98034995839419"",""PFE"":""602.8672629424849"",""PRU"":""330.35462579509283"",""REGN"":""53.471031069433941"",""RITM"":""3391.4517806946869"",""SYF"":""1144.4000939925591"",""WEC"":""314.07323724239353"",""WMB"":""1012.7629156063596"",""WY"":""954.35780785248051""}",ae48cda74f4f2d406c544f873beece5ca55ea99dccc602c9186c94b931c15092
growth_value,10,4,2022-12-30,1123653.614049559,0,0.39882120239382418,19556.364563014879,"{""ABBV"":""231.7623938389867"",""ALLY"":""1531.9067676203945"",""AN"":""349.06915627510386"",""AXP"":""253.50335342347645"",""BLDR"":""577.29840425891871"",""BX"":""504.85402976571834"",""BYD"":""686.87182226881794"",""CF"":""439.61409000373993"",""CLF"":""2324.9609229248072"",""COP"":""317.41627515524277"",""DBX"":""1673.5978761536483"",""DOW"":""743.30463322720072"",""FCX"":""985.66106495575377"",""GS"":""109.07775778530679"",""LPX"":""632.6878457486257"",""M"":""1813.8072866013872"",""MKSI"":""442.05264331781711"",""MRNA"":""208.52422040039329"",""NLY"":""1776.8083713623646"",""NUE"":""284.15993072087582"",""OLN"":""707.50133109782109"",""OMF"":""1124.440722555348"",""ON"":""600.53103203974104"",""PVH"":""530.60094161097379"",""RITM"":""4584.4700695616457"",""ST"":""927.56613344028335"",""SYF"":""1139.8393325720829"",""V"":""180.2807107639519"",""WEC"":""399.47867393684561"",""WY"":""1208.2296925264009""}",bd0a77e96cb05f3c15d00475e0d7166f3e91c86d75d00b0850d473878bf26e0b
growth_value,10,5,2023-06-30,1267297.2151611312,0,0.87822775132788689,19556.364563014879,"{""AAL"":""2354.695680343983"",""AEE"":""517.24305749199289"",""AMG"":""281.82827743926254"",""AMGN"":""190.26772590474309"",""AMP"":""127.17738591453232"",""BJ"":""670.42121100414317"",""BKNG"":""15.643732619854262"",""BLDR"":""310.61206253949308"",""CF"":""608.51686121249008"",""CSL"":""164.67173627010902"",""DAL"":""888.58309855639595"",""DINO"":""946.94553923719036"",""DOW"":""793.15134257174361"",""EQH"":""1555.3475885629994"",""GPK"":""1757.9375990583046"",""HBAN"":""3918.6679504054791"",""LAZ"":""1320.1012657928457"",""LNG"":""277.25938898248268"",""MOS"":""1206.9497287248876"",""MUSA"":""135.78232941844061"",""NI"":""1544.5426144559801"",""PFE"":""1151.669588477946"",""PFG"":""557.00475349909095"",""PK"":""3295.1045636014869"",""SYY"":""569.3159097758903"",""UAL"":""769.87863140825698"",""V"":""177.88125528621805"",""VLO"":""360.12992758202097"",""WMB"":""1294.6135613046602"",""WTM"":""30.414670860869691""}",06ba2fea112b9752e989b42a05160bdb79db0e998de78e297562d40e478b0e28
growth_value,10,6,2023-12-29,1353564.6017555378,0,0.4756465342170455,19556.364563014879,"{""AAL"":""3283.7569183783062"",""ALSN"":""775.90404227889815"",""AMG"":""297.97133838672522"",""AMP"":""118.78687849437362"",""BKNG"":""12.719487389707414"",""CF"":""567.53232778009976"",""CNM"":""1116.5261088472639"",""CSL"":""144.41257260352057"",""CTRA"":""1767.9788424184142"",""DAL"":""1121.5217513924417"",""DINO"":""811.92765986175868"",""DOW"":""822.73559552366748"",""EEFT"":""444.56419409319079"",""EPR"":""931.2449960478416"",""EQH"":""1354.9195212768147"",""EXPE"":""297.24500993819049"",""GPK"":""1830.3780956802407"",""HBAN"":""3547.0770486256233"",""KNSL"":""134.71923817896726"",""MCHP"":""500.31958370501138"",""MOH"":""124.87564711333185"",""MOS"":""1262.771342247913"",""MUSA"":""126.53920815155354"",""PFE"":""1567.1698526751625"",""PFG"":""573.52002108196177"",""RITM"":""4224.6086197114164"",""SNX"":""419.28092239120832"",""SON"":""807.56792658883001"",""SSB"":""534.26666735959657"",""UAL"":""1093.5244803324704""}",ae81c6d7d2095f30fa772f7e0b4c1def1eb7ca4d0f56bc52930feb200d776f3d
growth_value,10,7,2024-06-28,1405527.0155300668,0,0.87417199553813418,19556.364563014879,"{""ACGL"":""464.37605825819111"",""AM"":""3178.4871450250271"",""APO"":""396.80613634004322"",""AXP"":""202.33599878069057"",""BYD"":""850.2885756382741"",""CCL"":""2502.7190447472708"",""CPAY"":""175.86014232824931"",""CPNG"":""2236.3198337789454"",""CVNA"":""363.97529923608533"",""DAL"":""987.58222001831587"",""EEFT"":""452.66570548472367"",""EOG"":""372.21657676705252"",""EXPE"":""371.86205665266215"",""F"":""3736.1164687136288"",""FRHC"":""621.36472835104644"",""GL"":""569.4081249109006"",""HALO"":""894.78419628855806"",""KNSL"":""121.60221272235492"",""KO"":""736.0707072689537"",""LEA"":""410.21714839041158"",""MPC"":""270.06514017563353"",""MTB"":""309.53290511144883"",""PEG"":""635.69742900500546"",""RNR"":""209.61433724517428"",""TGT"":""316.47460495588291"",""VICI"":""1635.8554650024057"",""VLO"":""298.87025081442272"",""VOYA"":""658.48068190680112"",""WFRD"":""382.61249912347"",""WSC"":""1244.7104282058638""}",e77c5b1ba65d8748be1133282c099080c0c55a6446d3b86ca6ef15576ff5f3e2
growth_value,10,8,2024-12-31,1551950.8674782114,0,0.46652866032319196,19556.364563014879,"{""ACGL"":""560.16995758101848"",""AIZ"":""242.62121556423907"",""AM"":""3428.210442850037"",""AMP"":""97.161496502088653"",""CROX"":""472.30617714422584"",""DAL"":""855.0693484728439"",""EEFT"":""503.03087886626849"",""EOG"":""422.02394829994336"",""EXPE"":""277.63481770303792"",""F"":""5225.4237962229345"",""FITB"":""1223.5500374315766"",""FRHC"":""395.83514869237933"",""GEN"":""1889.3972090068319"",""GL"":""463.87818850974764"",""HOOD"":""1388.3976270157557"",""JPM"":""215.80950140839786"",""KNSL"":""111.21986451660193"",""MGM"":""1492.9782274922673"",""MPC"":""370.83652747388572"",""MTB"":""275.15395767569311"",""NOV"":""3543.2668207265106"",""NSA"":""1364.5923392932486"",""PEG"":""612.28187457222225"",""PEP"":""340.20581074975047"",""RNR"":""207.9164647024117"",""SJM"":""469.77565912283922"",""VICI"":""1771.0268943035624"",""VLO"":""421.98952265769685"",""VOYA"":""751.58645332859305"",""WFRD"":""722.20711409474939""}",e1b58c9d8c6b78471c01e373e04349f74212a3b83fb2c82b8b3efeea264ba239
growth_value,10,9,2025-06-30,1626938.4858133642,0,0.82421590840919989,19556.364563014879,"{""ALK"":""1096.0243100332557"",""CCL"":""1928.5662468152732"",""DUK"":""459.58714288513124"",""DVA"":""380.70398638431374"",""EVRG"":""786.75878224931785"",""EXPE"":""321.50392969199362"",""FITB"":""1318.5335001323967"",""FNF"":""967.37928755700113"",""FTI"":""1574.6597810814601"",""HALO"":""1042.5083210389366"",""HOOD"":""579.20840393512219"",""IBKR"":""978.72735716378793"",""IRDM"":""1797.5234623946133"",""KNSL"":""112.07126030263585"",""LAZ"":""1130.2893468204561"",""LNC"":""1567.3781173539157"",""LVS"":""1246.4096267627094"",""META"":""73.475162731435844"",""MRK"":""685.08442218854839"",""MUSA"":""133.31190477002332"",""NVR"":""7.3427808564766703"",""PEP"":""410.71859179374042"",""PGR"":""203.21997624389374"",""SYF"":""812.57540995573106"",""UAL"":""681.04084968536336"",""VIRT"":""1210.7899723251951"",""VST"":""279.81674248204678"",""WFRD"":""1077.9424142406178"",""WMT"":""554.62551503830525"",""XOM"":""503.07312486498307""}",057ec8aaebe09c4887ab3992e8a8261bf875c460e74b4be6fe55ebd2235a4e1e
growth_value,10,10,2025-12-31,1791141.7835100731,2.2191670723259449e-10,0.45231202648407948,19556.364563014879,"{""CCL"":""1954.9681112312519"",""CI"":""216.92666539622289"",""CROX"":""698.13758322032777"",""CRUS"":""503.83735119833273"",""DUK"":""509.3825280863615"",""DVA"":""525.52351128423936"",""EVR"":""175.47311129170441"",""EVRG"":""823.6270674162289"",""EXPE"":""210.73991781794652"",""FNF"":""1093.6934624840158"",""FOUR"":""948.14556323650038"",""FTI"":""1339.8726686939503"",""HALO"":""887.14303294208662"",""HHH"":""748.46090155449963"",""IBKR"":""928.38945913547548"",""KBR"":""1485.1921919652345"",""KNSL"":""152.65065994324613"",""LAZ"":""1229.5042445840697"",""LNC"":""1340.7753450932501"",""LVS"":""917.26418984486747"",""MU"":""209.18932804387521"",""MUSA"":""147.95976932246836"",""NLY"":""2670.1576975403591"",""PEP"":""416.00282968925882"",""PFG"":""676.84759230248767"",""PGR"":""262.18481519850002"",""PR"":""4255.504356165533"",""QSR"":""875.05094704678913"",""SYF"":""715.62658656361532"",""VIRT"":""1791.8585269208411""}",429de927fae592b34be2eb297f8c2b46902511b487c886008cdf6a823628f4f9
growth_value,10,11,2026-06-30,2141401.5684708301,3.2014213502407074e-10,0.78967110656822936,19556.364563014879,"{""AMT"":""436.3884103586293"",""CACC"":""112.10235305204792"",""CBOE"":""294.14452665084684"",""CF"":""659.33911215925536"",""CRUS"":""480.57666654790944"",""CVNA"":""1084.473598941978"",""D"":""1045.2489717727483"",""DLTR"":""590.16165591038441"",""DXCM"":""1059.8374503691314"",""EQT"":""1342.4873477968965"",""EVR"":""209.05591694693356"",""EXE"":""782.76184101722777"",""FAF"":""1040.6772456970548"",""FOX"":""1523.9123032100979"",""HALO"":""911.97204909110769"",""IBKR"":""820.08332125874301"",""KEY"":""3096.7484721197825"",""KLAC"":""236.58497326028638"",""KNSL"":""216.42779867912128"",""LYFT"":""4885.6983081698154"",""MPC"":""279.18822029319432"",""NEM"":""764.24038846210908"",""NI"":""1501.1577767058043"",""OMF"":""1170.7405655627522"",""PEG"":""879.49793349385163"",""PGR"":""326.75693422916453"",""PNFP"":""707.5738727434674"",""RNR"":""225.24472162310192"",""VIRT"":""1198.2550324384924"",""WTM"":""34.426737026011025""}",1d5b42ad6f50e209b6bec356a95d43a047c570e45ccd30981fd516f995c2b20e
growth_value,10,12,2026-07-16,2188166.8393520145,3.2014213502407074e-10,0,19556.364563014879,"{""AMT"":""436.3884103586293"",""CACC"":""112.10235305204792"",""CBOE"":""294.14452665084684"",""CF"":""659.33911215925536"",""CRUS"":""480.57666654790944"",""CVNA"":""1084.473598941978"",""D"":""1045.2489717727483"",""DLTR"":""590.16165591038441"",""DXCM"":""1059.8374503691314"",""EQT"":""1342.4873477968965"",""EVR"":""209.05591694693356"",""EXE"":""782.76184101722777"",""FAF"":""1040.6772456970548"",""FOX"":""1523.9123032100979"",""HALO"":""911.97204909110769"",""IBKR"":""820.08332125874301"",""KEY"":""3096.7484721197825"",""KLAC"":""236.58497326028638"",""KNSL"":""216.42779867912128"",""LYFT"":""4885.6983081698154"",""MPC"":""279.18822029319432"",""NEM"":""764.24038846210908"",""NI"":""1501.1577767058043"",""OMF"":""1170.7405655627522"",""PEG"":""879.49793349385163"",""PGR"":""326.75693422916453"",""PNFP"":""707.5738727434674"",""RNR"":""225.24472162310192"",""VIRT"":""1198.2550324384924"",""WTM"":""34.426737026011025""}",1d5b42ad6f50e209b6bec356a95d43a047c570e45ccd30981fd516f995c2b20e
growth_value,20,1,2021-06-30,998003.99201596773,0,0,38803.217056744055,"{""ACGL"":""854.30918679675415"",""ACI"":""1692.1057850389423"",""AMKR"":""1405.4414758709593"",""BJ"":""699.17611882861718"",""BOKF"":""384.14318399382921"",""CBOE"":""279.43552905389004"",""CBSH"":""446.17488913446357"",""CNC"":""456.14698661546146"",""COKE"":""82.726480824274759"",""DKS"":""332.03712679774037"",""DTE"":""256.68826955143214"",""EVR"":""236.32023679665841"",""EXP"":""234.09189876761383"",""FRHC"":""510.61856843999391"",""GL"":""349.25773998809035"",""HOLX"":""498.60311351717036"",""HRB"":""1416.8142987165932"",""LAZ"":""735.17789467106309"",""LPX"":""551.77972688448506"",""MO"":""697.70972596194645"",""PB"":""463.32590158587197"",""PEG"":""556.85972102218955"",""PGR"":""338.73128738280838"",""PRI"":""217.2312898907249"",""SGI"":""848.8593961180303"",""VIRT"":""1204.0101242803332"",""VRTX"":""164.98933558431585"",""WSM"":""208.37331496314189"",""WTM"":""28.977291302375029"",""WY"":""966.49621539410668""}",ebc45bc0cf54e2cca1ff39136f01bf5e7edcd179b02c7d1841e483e8488598ae
growth_value,20,2,2021-12-31,1107397.5530463776,0,0.40071112810557818,38803.217056744055,"{""ACGL"":""830.4443592398809"",""ACI"":""1222.6979717857803"",""BJ"":""551.19085811875027"",""CMS"":""567.45967360818918"",""COKE"":""59.615387471071408"",""DTE"":""308.79414228051451"",""EBAY"":""555.08649275507832"",""EVR"":""271.7206607891992"",""EXP"":""221.75448617212967"",""FDX"":""142.72058370017285"",""GL"":""393.86738975899175"",""HOLX"":""482.14801160152439"",""HPE"":""2340.7261742684027"",""HRB"":""1566.776390840947"",""KEY"":""1595.9036648600393"",""LAD"":""124.30797025833544"",""LAZ"":""846.05206894826279"",""LITE"":""348.99547856871237"",""LPX"":""471.13276028350617"",""MOH"":""116.05021305398864"",""PB"":""510.55673261704993"",""PGR"":""359.60303719642189"",""PRI"":""240.83807508457431"",""REGN"":""58.451437433830613"",""SFM"":""1243.7079436729348"",""SGI"":""784.88734357245812"",""TOL"":""509.92197497185668"",""VIRT"":""1280.3764054184082"",""WSM"":""218.25372061851249"",""WY"":""896.38785255494679""}",6471ce12e44a116bebd6df8089e64fd374e7b786cc378a8222b32a077b70e163
growth_value,20,3,2022-06-30,944888.6703066841,1.5302248357329518e-10,0.87621562181470969,38803.217056744055,"{""ABBV"":""205.6430465540794"",""ALLY"":""939.90716234624892"",""AN"":""281.82076780800645"",""AXP"":""227.21316556213245"",""BLDR"":""586.52307281606704"",""BYD"":""633.091236386388"",""CF"":""367.38935040502508"",""CLF"":""2049.2055309188549"",""CNH"":""2717.540035394547"",""COF"":""302.29666004628854"",""COP"":""350.69913161365997"",""ETSY"":""430.21839926543919"",""FCX"":""1076.4281958380998"",""HOG"":""994.82909065770059"",""HRB"":""891.74091195421295"",""LPX"":""600.95953081898119"",""M"":""1719.2297494663101"",""MRNA"":""220.48504732392581"",""NLY"":""5329.3213215267006"",""NRG"":""825.15821352430703"",""NUE"":""301.65969744490758"",""OLN"":""680.55939952944686"",""PFE"":""600.73028819803164"",""PRU"":""329.18362259848243"",""REGN"":""53.281493089883448"",""RITM"":""3379.4301513114592"",""SYF"":""1140.3435557647647"",""WEC"":""312.95994644498012"",""WMB"":""1009.1729897540148"",""WY"":""950.97490972894934""}",280621ca2a525f93e4922c16b27033bfe0913f1a0403d46dc1bde2bf1f29f7b5
growth_value,20,4,2022-12-30,1118778.650919857,0,0.39900693490962674,38803.217056744055,"{""ABBV"":""230.75689435881822"",""ALLY"":""1525.2606011177347"",""AN"":""347.5547222491017"",""AXP"":""252.40353094638655"",""BLDR"":""574.79379928065066"",""BX"":""502.66372418558586"",""BYD"":""683.8918338039357"",""CF"":""437.7068274334344"",""CLF"":""2314.8740966684427"",""COP"":""316.0391669265137"",""DBX"":""1666.3369837948444"",""DOW"":""740.07981141751566"",""FCX"":""981.38478150864773"",""GS"":""108.60452471701501"",""LPX"":""629.94293407649684"",""M"":""1805.9380967229354"",""MKSI"":""440.13480110148248"",""MRNA"":""207.61953956869286"",""NLY"":""1769.099701011794"",""NUE"":""282.92710490348696"",""OLN"":""704.43184165713285"",""OMF"":""1119.5623445610511"",""ON"":""597.92563247280123"",""PVH"":""528.29893323882436"",""RITM"":""4564.5803791099897"",""ST"":""923.54189443607254"",""SYF"":""1134.8941478188867"",""V"":""179.49856419584432"",""WEC"":""397.74553858072323"",""WY"":""1202.9877966879717""}",12c33b5604349d8ad8dff19f580101a33a40d987f8a596966c0e260665ff4623
growth_value,20,5,2023-06-30,1259584.9214414693,3.637978807091713e-10,0.87834452896676962,38803.217056744055,"{""AAL"":""2340.3658889659396"",""AEE"":""514.09531098382467"",""AMG"":""280.11317664986967"",""AMGN"":""189.10982815984576"",""AMP"":""126.40343222558091"",""BJ"":""666.34127992459867"",""BKNG"":""15.548530752926109"",""BLDR"":""308.72179447094823"",""CF"":""604.81365669906302"",""CSL"":""163.66960608135096"",""DAL"":""883.17551636619601"",""DINO"":""941.18278520620845"",""DOW"":""788.3245221188314"",""EQH"":""1545.8823287205066"",""GPK"":""1747.2394526861822"",""HBAN"":""3894.8204126204973"",""LAZ"":""1312.06762650153"",""LNG"":""275.57209272807137"",""MOS"":""1199.604687087113"",""MUSA"":""134.95600928304765"",""NI"":""1535.1431096178778"",""PFE"":""1144.6609609609859"",""PFG"":""553.61503227912658"",""PK"":""3275.0517978197313"",""SYY"":""565.85126749392123"",""UAL"":""765.19343991341282"",""V"":""176.79873693805357"",""VLO"":""357.93831243008492"",""WMB"":""1286.7350305868513"",""WTM"":""30.229578625000148""}",ddb13dc573c3f0e49725750fccbaaad54fb823df1485baf9d6d1def1fdf7345a
growth_value,20,6,2023-12-29,1344048.7722894298,0,0.47589972263471064,38803.217056744055,"{""AAL"":""3260.6714514542286"",""ALSN"":""770.44928190853147"",""AMG"":""295.87654037102828"",""AMP"":""117.95178301603639"",""BKNG"":""12.630066853192389"",""CF"":""563.54246217586285"",""CNM"":""1108.6767073244521"",""CSL"":""143.39732337797619"",""CTRA"":""1755.5495980791968"",""DAL"":""1113.6372295048745"",""DINO"":""806.21964626563079"",""DOW"":""816.95159998142049"",""EEFT"":""441.43881902631887"",""EPR"":""924.69815774986785"",""EQH"":""1345.394166455889"",""EXPE"":""295.15531815653929"",""GPK"":""1817.5101721290509"",""HBAN"":""3522.1403885991431"",""KNSL"":""133.77213503025021"",""MCHP"":""496.80223711444995"",""MOH"":""123.99774637563615"",""MOS"":""1253.8938075281585"",""MUSA"":""125.64961224753506"",""PFE"":""1556.1523356367177"",""PFG"":""569.48806079803103"",""RITM"":""4194.9087774326872"",""SNX"":""416.33329377363719"",""SON"":""801.8905627882782"",""SSB"":""530.51066599148726"",""UAL"":""1085.8367848516216""}",d90b4f23b12f4e3f4b090fce3aa1b394e432189f8af9f6f9249e81cb4e04206b
growth_value,20,7,2024-06-28,1393208.2087482091,0,0.8742882338845791,38803.217056744055,"{""ACGL"":""460.30601273605237"",""AM"":""3150.6291468751915"",""APO"":""393.32831053561722"",""AXP"":""200.56261552554662"",""BYD"":""842.83618194084067"",""CCL"":""2480.7838474861287"",""CPAY"":""174.31880794617439"",""CPNG"":""2216.7195047704213"",""CVNA"":""360.78522082769052"",""DAL"":""978.92650980059705"",""EEFT"":""448.69829589314321"",""EOG"":""368.95426729912072"",""EXPE"":""368.60285439273218"",""F"":""3703.3711024673307"",""FRHC"":""615.91874834138355"",""GL"":""564.41752096427228"",""HALO"":""886.94181865814221"",""KNSL"":""120.53642448333764"",""KO"":""729.61938138162338"",""LEA"":""406.62178114823854"",""MPC"":""267.69814171628042"",""MTB"":""306.81998959395031"",""PEG"":""630.12582937503828"",""RNR"":""207.77716265464778"",""TGT"":""313.70084858781632"",""VICI"":""1621.5179338317153"",""VLO"":""296.25078862554432"",""VOYA"":""652.70939739902065"",""WFRD"":""379.25907411139502"",""WSC"":""1233.8011058698078""}",681f61f31269f0901db7b8d786804ee87944dfbb8dcf250f22336ed69cb3edec
growth_value,20,8,2024-12-31,1536914.7889296301,0,0.46677699526270144,38803.217056744055,"{""ACGL"":""554.74275001972012"",""AIZ"":""240.27057951562307"",""AM"":""3394.9962202996126"",""AMP"":""96.220147182392338"",""CROX"":""467.73023796513422"",""DAL"":""846.78500767472974"",""EEFT"":""498.15726336368289"",""EOG"":""417.93516857824403"",""EXPE"":""274.94495231214052"",""F"":""5174.7972691233481"",""FITB"":""1211.6956708685229"",""FRHC"":""392.00009919902942"",""GEN"":""1871.0917810197645"",""GL"":""459.38390391249243"",""HOOD"":""1374.9461343081362"",""JPM"":""213.71863069676337"",""KNSL"":""110.14231067512556"",""MGM"":""1478.513505463814"",""MPC"":""367.24367716359245"",""MTB"":""272.48812810127737"",""NOV"":""3508.9378742685722"",""NSA"":""1351.3714841551346"",""PEG"":""606.34978061689139"",""PEP"":""336.90972618914344"",""RNR"":""205.90206568996885"",""SJM"":""465.22423687178667"",""VICI"":""1753.8682973064413"",""VLO"":""417.90107646888936"",""VOYA"":""744.30470673138393"",""WFRD"":""715.2100092742819""}",4743d23532544e4f38d0399dc2f840f749ab52870cbf56dfe72cf04db3558bdb
growth_value,20,9,2025-06-30,1608523.2043842543,0,0.82427069896788452,38803.217056744055,"{""ALK"":""1083.6184346431255"",""CCL"":""1906.7368473023416"",""DUK"":""454.38508598425295"",""DVA"":""376.39480622072199"",""EVRG"":""777.85347665953634"",""EXPE"":""317.86483368592508"",""FITB"":""1303.6090480462399"",""FNF"":""956.42954238569109"",""FTI"":""1556.8362411771734"",""HALO"":""1030.7081919673558"",""HOOD"":""572.65235657526273"",""IBKR"":""967.6491634387628"",""IRDM"":""1777.1773333159379"",""KNSL"":""110.80272813833818"",""LAZ"":""1117.4956262222145"",""LNC"":""1549.6369984434059"",""LVS"":""1232.3015432347013"",""META"":""72.643498958313813"",""MRK"":""677.32996647475807"",""MUSA"":""131.80295021175479"",""NVR"":""7.2596680792429984"",""PEP"":""406.06967696260108"",""PGR"":""200.91973374106965"",""SYF"":""803.37788651695905"",""UAL"":""673.33216308102283"",""VIRT"":""1197.0850668930977"",""VST"":""276.64950284372242"",""WFRD"":""1065.7412074367292"",""WMT"":""548.34772086461282"",""XOM"":""497.37885107737259""}",9358e16b0f744a922a83d240b7a3e0c411018c4386ba201e4bdb5960baff9eb4
growth_value,20,10,2025-12-31,1769267.7783886185,0,0.45252266987540996,38803.217056744055,"{""CCL"":""1931.0934057941731"",""CI"":""214.27748651293115"",""CROX"":""689.61170033856467"",""CRUS"":""497.68432584771347"",""DUK"":""503.16178323482677"",""DVA"":""519.10564750421656"",""EVR"":""173.33017667289948"",""EVRG"":""813.56866620160088"",""EXPE"":""208.16629350518528"",""FNF"":""1080.3369227505777"",""FOUR"":""936.56650171437263"",""FTI"":""1323.509708549238"",""HALO"":""876.30895413007499"",""HHH"":""739.32045396708099"",""IBKR"":""917.0516655722912"",""KBR"":""1467.0545426107969"",""KNSL"":""150.78644051174587"",""LAZ"":""1214.4891394759893"",""LNC"":""1324.4013611712114"",""LVS"":""906.06226168311639"",""MU"":""206.63464003697851"",""MUSA"":""146.15283657056415"",""NLY"":""2637.5488646222739"",""PEP"":""410.92246803897746"",""PFG"":""668.58170970359424"",""PGR"":""258.98292909254366"",""PR"":""4203.5347550216711"",""QSR"":""864.36454071455432"",""SYF"":""706.88712229358794"",""VIRT"":""1769.9757686960149""}",57f94497e75844944fd8f5e07d4d4b242eda0ffe6a8899d0007b99a7915f6ac1
growth_value,20,11,2026-06-30,2111912.7765211361,0,0.78982863097404821,38803.217056744055,"{""AMT"":""430.37899706978408"",""CACC"":""110.55861505591697"",""CBOE"":""290.09392405614449"",""CF"":""650.25949150844792"",""CRUS"":""473.95874604931379"",""CVNA"":""1069.539540423953"",""D"":""1030.8550673701066"",""DLTR"":""582.03466350313829"",""DXCM"":""1045.2426510869277"",""EQT"":""1324.0002360486096"",""EVR"":""206.17705175346936"",""EXE"":""771.98259184893709"",""FAF"":""1026.3462975755149"",""FOX"":""1502.9268264454433"",""HALO"":""899.4134732426802"",""IBKR"":""808.79012581232269"",""KEY"":""3054.1037982952093"",""KLAC"":""233.32701120514594"",""KNSL"":""213.4474168481992"",""LYFT"":""4818.4183812939482"",""MPC"":""275.3435778570211"",""NEM"":""753.71619433302544"",""NI"":""1480.4856477540395"",""OMF"":""1154.6185427374869"",""PEG"":""867.38655188152507"",""PGR"":""322.25723300848972"",""PNFP"":""697.83002131943476"",""RNR"":""222.142923795218"",""VIRT"":""1181.7541136596369"",""WTM"":""33.952653649676776""}",3a761a55360d4573e5f15d157f759fb1b5fa280371593cfe53a749fe8d834a61
growth_value,20,12,2026-07-16,2158034.0526636448,0,0,38803.217056744055,"{""AMT"":""430.37899706978408"",""CACC"":""110.55861505591697"",""CBOE"":""290.09392405614449"",""CF"":""650.25949150844792"",""CRUS"":""473.95874604931379"",""CVNA"":""1069.539540423953"",""D"":""1030.8550673701066"",""DLTR"":""582.03466350313829"",""DXCM"":""1045.2426510869277"",""EQT"":""1324.0002360486096"",""EVR"":""206.17705175346936"",""EXE"":""771.98259184893709"",""FAF"":""1026.3462975755149"",""FOX"":""1502.9268264454433"",""HALO"":""899.4134732426802"",""IBKR"":""808.79012581232269"",""KEY"":""3054.1037982952093"",""KLAC"":""233.32701120514594"",""KNSL"":""213.4474168481992"",""LYFT"":""4818.4183812939482"",""MPC"":""275.3435778570211"",""NEM"":""753.71619433302544"",""NI"":""1480.4856477540395"",""OMF"":""1154.6185427374869"",""PEG"":""867.38655188152507"",""PGR"":""322.25723300848972"",""PNFP"":""697.83002131943476"",""RNR"":""222.142923795218"",""VIRT"":""1181.7541136596369"",""WTM"":""33.952653649676776""}",3a761a55360d4573e5f15d157f759fb1b5fa280371593cfe53a749fe8d834a61
momentum,0,1,2021-06-30,1000000.0000000001,0,0,0,"{""ALGN"":""54.555373704309879"",""ALLY"":""668.80684858212953"",""BJ"":""700.57447106627444"",""CELH"":""438.07771498663863"",""CHRD"":""331.51002817835246"",""CNP"":""1359.4344752582927"",""COF"":""215.48473290667357"",""CRL"":""90.109573241061128"",""CROX"":""286.07392150131597"",""DKS"":""332.70120105133583"",""DUK"":""337.65532144786607"",""EPAM"":""65.236678670215554"",""F"":""2243.1583669807092"",""GMED"":""429.94109806956448"",""GNRC"":""80.292263840378993"",""GOOG"":""13.299711662251163"",""GS"":""87.827927524394227"",""JEF"":""974.65886939571146"",""LLY"":""145.23062623446032"",""MRNA"":""141.85604448605557"",""NUE"":""347.47558983981378"",""NVDA"":""41.661458984293631"",""QXO"":""2738.9756231169545"",""RH"":""49.09180166912126"",""ROKU"":""72.582108510252226"",""SYF"":""687.00192360538608"",""THC"":""497.58670448325626"",""TRGP"":""749.90626171728536"",""WCC"":""324.19114309797061"",""YETI"":""363.02911493501784""}",49a4a63568a188b9c4e31a653ab4101bb3fcba5f3dd3b4848b81e16161fa01d7
momentum,0,2,2021-12-31,1029558.8173445712,0,0.86860894416057943,0,"{""AZO"":""16.370344852255087"",""BJ"":""512.44777131281239"",""BLDR"":""400.40400472312501"",""BOKF"":""325.32588155103844"",""BPOP"":""418.31578796707754"",""CACC"":""49.904937245258033"",""CHH"":""220.00530319135228"",""CHRD"":""272.39167588553886"",""CWEN-A"":""1025.0486034892187"",""EW"":""264.90642412056377"",""EXC"":""594.1590589476981"",""F"":""1652.317151893069"",""FTNT"":""95.488667904337916"",""HD"":""82.693494722582699"",""HPQ"":""911.03337522747654"",""INTU"":""53.354415666209135"",""KLAC"":""79.790349549694355"",""LBTYK"":""1221.7382429625861"",""LOW"":""132.77091939345033"",""LPX"":""438.01693994663748"",""MSFT"":""102.04158909615558"",""NEE"":""367.59455060860159"",""NSA"":""495.93391972281853"",""ON"":""505.28014200263607"",""ONTO"":""339.01637108385893"",""PLD"":""203.84074153491946"",""SNPS"":""93.130603106700249"",""TOL"":""474.07966908162791"",""TSLA"":""32.474713038493391"",""WSC"":""840.31898248822336""}",788bba9637f8862786d98ee9d7c56f7b5181e14d1490c771c3cb95039729a652
momentum,0,3,2022-06-30,758192.98530081497,0,0.99999999999999967,0,"{""ADM"":""325.68427203643256"",""AJG"":""155.01165057671224"",""BDX"":""102.5153105505503"",""BIDU"":""169.92603718165245"",""CF"":""294.79878117376836"",""CMS"":""374.41628903743947"",""DHR"":""99.688780017462776"",""DLTR"":""162.16297407781306"",""EA"":""207.75256481732151"",""ED"":""265.75288654076934"",""ENPH"":""129.44631996531021"",""FCN"":""139.74619579777254"",""HALO"":""574.38862522789009"",""KO"":""401.73421570540717"",""LPLA"":""136.99641972044213"",""MCD"":""102.36997533225521"",""MCK"":""77.474937954161945"",""OXY"":""429.230630265407"",""PAG"":""241.4089168977664"",""PPC"":""809.2571088705464"",""RF"":""1347.8986405347821"",""RGA"":""215.4753134114346"",""RS"":""148.78782238329896"",""TRGP"":""423.54783827764646"",""UNM"":""742.88946237587186"",""VLO"":""237.79732320311595"",""VRTX"":""89.68770896776735"",""VST"":""1106.0437422331363"",""WAT"":""76.358388754689599"",""WMB"":""809.77569721330224""}",9e8928c24eea17e6c2315eca8dc3c1443a6ec385405f7d49407ab1aa2c2fc78b
momentum,0,4,2022-12-30,814212.66307757969,0,0.86290006492939975,0,"{""ACGL"":""432.31000481978322"",""AME"":""194.24865518598619"",""AMKR"":""1131.7940826766469"",""AMP"":""87.164537696586024"",""APA"":""581.41435523963139"",""ARMK"":""656.51722551006264"",""AXON"":""163.56549209055621"",""BOKF"":""261.49361308975807"",""CAT"":""113.29279555262144"",""ED"":""284.75943870093369"",""FCX"":""714.22163427857868"",""GL"":""225.13830031178759"",""GLPI"":""521.0294126048376"",""HAL"":""689.71847782937709"",""KO"":""426.66911024345217"",""LBTYA"":""1433.7254148222921"",""LPLA"":""125.55128881244387"",""LVS"":""564.60208243365912"",""MPC"":""233.18517142869655"",""MRK"":""244.61849574209995"",""NLY"":""1287.496304676755"",""NUE"":""205.90563767988766"",""OKE"":""413.09622682779286"",""PCG"":""1669.1526508355466"",""PDD"":""332.80713798388712"",""PFGC"":""464.81284642209266"",""TPL"":""11.577542349763458"",""TRGP"":""369.2574435725985"",""WTW"":""110.96746300836531"",""ZM"":""400.65577358408609""}",f4ce1681b7318977b37b37efe90aaabee163a88fef5a0209638b69eff98e517c
momentum,0,5,2023-06-30,809341.37457569444,0,0.96001884386829361,0,"{""AAL"":""1503.792966510023"",""ACGL"":""360.42813385691136"",""APG"":""989.65685323513617"",""BLD"":""101.4135998014804"",""BLDR"":""198.36798396463098"",""CLH"":""164.07009559806491"",""CNM"":""860.81830948276365"",""COF"":""246.66769515579969"",""DAL"":""567.4809806308333"",""DHI"":""221.69484607765483"",""ELF"":""236.17303527260626"",""EQT"":""655.92136686578681"",""EXP"":""144.71647794866331"",""HUBB"":""81.36700995050613"",""JBL"":""249.958730836559"",""KNSL"":""72.095258736477319"",""LEN"":""215.29044624682638"",""LRCX"":""41.96566253801732"",""MOH"":""89.556651902767939"",""OC"":""206.72832045356179"",""ONTO"":""231.63085617918617"",""PEN"":""78.410875484478908"",""PHM"":""347.29719128720149"",""PRI"":""136.41811194978669"",""SAIA"":""78.788720595747236"",""SMCI"":""108.23689395863516"",""SO"":""384.02912198134965"",""SSD"":""194.7873344345835"",""TOL"":""341.19192891349206"",""UAL"":""491.6720579404012""}",b25e570e6406239e3b0de29e5f3399af42cc862aa19a9371a5d0638f64ffb24c
momentum,0,6,2023-12-29,909742.07916108822,0,0.58179529576068112,0,"{""ANET"":""128.76198875647012"",""APG"":""876.43745583919861"",""BLD"":""81.025853609886909"",""BLDR"":""181.6505089974618"",""BPOP"":""369.4984278303433"",""BRBR"":""547.08165203024123"",""CNM"":""750.42652739510709"",""COF"":""231.27467946946516"",""COKE"":""32.66343814308086"",""DXCM"":""244.37695198675374"",""ELF"":""210.09239276732902"",""EXPE"":""199.78085494456997"",""GDDY"":""285.65124314276824"",""GRMN"":""235.91672609332718"",""HLT"":""166.53707491919531"",""ISRG"":""89.888356568758212"",""ITT"":""254.14629544113538"",""LEN"":""203.4670958939632"",""MOH"":""83.929965879815867"",""NBIX"":""230.15130519153215"",""NEU"":""55.557107473089189"",""PHM"":""293.78740527064787"",""PR"":""2229.7599979438437"",""PSX"":""227.76578017152079"",""RCL"":""234.18592919944606"",""ROP"":""55.624366660007475"",""SSD"":""153.17070397028121"",""TOL"":""295.01640210172457"",""UBER"":""492.5245407184712"",""WING"":""118.1882296828914""}",36420309b728ff8244ecdee199f0f5351e851af7a78e8d19acc96e1d70da85bc
momentum,0,7,2024-06-28,1017755.1209655382,0,0.84290004863862822,0,"{""ACGL"":""336.25900187185323"",""ANET"":""96.796309914549397"",""APP"":""407.65646117341112"",""CAVA"":""365.77003448896255"",""CRS"":""309.59272402675009"",""CRWD"":""88.533549150163822"",""CVNA"":""263.55788299294028"",""EME"":""92.925305957190957"",""FANG"":""169.46486187547467"",""FTAI"":""328.63674027754791"",""GMED"":""495.33027739598884"",""GRMN"":""208.23208138258823"",""HALO"":""647.92151831266756"",""HLT"":""155.47740925229732"",""HOOD"":""1493.842831301245"",""HWM"":""437.011087193756"",""ISRG"":""76.262044956392657"",""KEX"":""283.34728722000563"",""KKR"":""322.36004084807371"",""KO"":""532.99561192225099"",""OLLI"":""345.57574308700492"",""PEG"":""460.31439211467125"",""RGA"":""165.27096360330916"",""RYAN"":""585.8257761846188"",""SFM"":""405.51243962289357"",""THC"":""255.01894834887824"",""UTHR"":""106.49873080788345"",""VRT"":""391.88137575200733"",""VST"":""394.57048963539512"",""WFC"":""571.2269860052412""}",509edb31856eed5d85e45cdd6aa3b4c95a0bbe984d1ac1fb1f8acef859c8ccdf
momentum,0,8,2024-12-31,1286207.0531832566,0,0.69243799961211716,0,"{""ALSN"":""396.75706495874408"",""AME"":""237.84294041629806"",""APO"":""259.58808694261256"",""APP"":""132.39529518402213"",""AXON"":""72.138861958947842"",""CCL"":""1720.4481717272024"",""COF"":""240.4305094181353"",""CORT"":""850.83485690497889"",""DAL"":""708.65402379242789"",""DOCS"":""803.02619290956898"",""DTM"":""431.19348727186849"",""EXEL"":""1287.4945477309877"",""FLS"":""745.36801876637492"",""FOUR"":""413.11975755869997"",""FTNT"":""453.78459398223839"",""GRMN"":""207.86176883274453"",""HOOD"":""1150.6593784069214"",""ISRG"":""82.139567092194582"",""KO"":""688.6214012117232"",""MTB"":""228.03876623286999"",""MTSI"":""330.02515925980975"",""RCL"":""185.84927148745888"",""SLM"":""1554.5166221697566"",""SYF"":""659.59336060679823"",""UAL"":""441.54035468014303"",""UNH"":""84.753822084058598"",""UNM"":""587.06789592553582"",""UTHR"":""121.5099434288683"",""VST"":""310.97097584276406"",""WAT"":""115.56840918497461""}",760968b75a5e2f38c13f6daf696a0505e30b9d6b0c89ee2e53a3472b57eb4814
momentum,0,9,2025-06-30,1435537.6298352792,0,0.73332006467197186,0,"{""ARMK"":""1142.8529813193848"",""BPOP"":""434.18250909937973"",""BYD"":""611.67396558663734"",""CAH"":""284.82889480858711"",""CI"":""144.74939296945561"",""COF"":""224.90719274225719"",""CRS"":""173.13573459672421"",""CVNA"":""142.00870823789958"",""DASH"":""194.11486076768747"",""DRS"":""1029.5020294286282"",""EQH"":""852.96353525566201"",""EXEL"":""1085.5547715027822"",""HEI"":""145.88797051171537"",""HLT"":""179.66229003470241"",""HOOD"":""511.06754595581162"",""HWM"":""257.08512506228249"",""ITT"":""305.11543918792728"",""JPM"":""165.05554940444495"",""KDP"":""1447.4063620037095"",""KO"":""676.34281735466629"",""MELI"":""18.308350580549899"",""MPC"":""288.06967869389342"",""NEM"":""821.33975845936561"",""NFLX"":""35.733091132184803"",""NRG"":""297.99012534464214"",""PLTR"":""351.02152529227288"",""PODD"":""152.30522098110202"",""RCL"":""152.81105680476031"",""VST"":""246.89775722533739"",""WELL"":""311.26816059222432""}",d0a3615194779cf77f62685c610d61ba4addc7025276350c72a97b4d0384ffad
momentum,0,10,2025-12-31,1448660.730196852,0,0.86213764958403316,0,"{""AMG"":""167.50621273262709"",""AMTM"":""1665.1272760883357"",""C"":""413.8203017101871"",""CIEN"":""206.47663662103619"",""COHR"":""261.62805985025591"",""CVNA"":""114.42275486129031"",""DTM"":""403.48170961365082"",""DVN"":""1318.282582761718"",""EXPE"":""170.44471076404551"",""FIVE"":""256.36382993502724"",""FLS"":""696.00304131683106"",""FOX"":""743.70385040138194"",""FOXA"":""660.85522111073954"",""FTI"":""1083.677984886933"",""GM"":""593.81076004133968"",""GMED"":""553.07171007400905"",""GS"":""54.93593971167433"",""INCY"":""488.90038479864063"",""LHX"":""164.4878257538636"",""LITE"":""131.009227072253"",""LNC"":""1084.4080621280425"",""LRCX"":""282.09306581704482"",""LVS"":""741.87572601876991"",""MU"":""169.19060651890868"",""NEM"":""483.61232855845503"",""NLY"":""2159.6015655886285"",""QSR"":""707.7340027343065"",""RDDT"":""210.06956543507954"",""VLO"":""296.6318017480296"",""WELL"":""260.16211953322414""}",d0dbec5ebc692983e28f51b4fbe295238e92e7c1851742a1e8f4877fbde1044b
momentum,0,11,2026-06-30,1825540.3424981823,0,0.61014470055802672,0,"{""AKAM"":""514.77324041907968"",""APA"":""1868.3249846465892"",""ARMK"":""1069.4436687159825"",""BPOP"":""370.63798726970037"",""CBOE"":""250.75759158503075"",""CIEN"":""124.04465253983082"",""COHR"":""154.26102048302636"",""DDOG"":""233.72002131640576"",""DELL"":""141.03588919005102"",""ECG"":""366.6848131963809"",""GL"":""340.56046983400159"",""GLW"":""238.23100164404889"",""HEI-A"":""235.94023011879881"",""HPE"":""1348.9546608277412"",""JAZZ"":""252.52664128289584"",""LAMR"":""390.12273849172595"",""LITE"":""70.917353972845035"",""LNT"":""797.63199305203045"",""LRCX"":""140.42726040186326"",""MKSI"":""136.8060808227055"",""MU"":""52.717553431061006"",""MUSA"":""112.92397934555535"",""NVT"":""358.77215229019163"",""PNFP"":""603.20524137529151"",""RNR"":""192.02065241381953"",""SNX"":""227.61780784745798"",""TER"":""125.76749493621737"",""VIRT"":""1021.5099001164917"",""VLO"":""233.64822895845265"",""VRT"":""181.74345842524164""}",363c2ca61ddbe96a0a9ba3a2d1f758d944c8d906e46a23cfba18fac9c6744eb0
momentum,0,12,2026-07-16,1692764.4961250317,0,0,0,"{""AKAM"":""514.77324041907968"",""APA"":""1868.3249846465892"",""ARMK"":""1069.4436687159825"",""BPOP"":""370.63798726970037"",""CBOE"":""250.75759158503075"",""CIEN"":""124.04465253983082"",""COHR"":""154.26102048302636"",""DDOG"":""233.72002131640576"",""DELL"":""141.03588919005102"",""ECG"":""366.6848131963809"",""GL"":""340.56046983400159"",""GLW"":""238.23100164404889"",""HEI-A"":""235.94023011879881"",""HPE"":""1348.9546608277412"",""JAZZ"":""252.52664128289584"",""LAMR"":""390.12273849172595"",""LITE"":""70.917353972845035"",""LNT"":""797.63199305203045"",""LRCX"":""140.42726040186326"",""MKSI"":""136.8060808227055"",""MU"":""52.717553431061006"",""MUSA"":""112.92397934555535"",""NVT"":""358.77215229019163"",""PNFP"":""603.20524137529151"",""RNR"":""192.02065241381953"",""SNX"":""227.61780784745798"",""TER"":""125.76749493621737"",""VIRT"":""1021.5099001164917"",""VLO"":""233.64822895845265"",""VRT"":""181.74345842524164""}",363c2ca61ddbe96a0a9ba3a2d1f758d944c8d906e46a23cfba18fac9c6744eb0
momentum,5,1,2021-06-30,999500.24987506215,0,0,10000.341064320835,"{""ALGN"":""54.528109649485138"",""ALLY"":""668.47261227599154"",""BJ"":""700.22435888683106"",""CELH"":""437.85878559384173"",""CHRD"":""331.34435600035226"",""CNP"":""1358.7550977094379"",""COF"":""215.37704438448134"",""CRL"":""90.064540970575848"",""CROX"":""285.9309560233043"",""DKS"":""332.53493358454358"",""DUK"":""337.48657815878664"",""EPAM"":""65.204076631899596"",""F"":""2242.0373483065559"",""GMED"":""429.72623495208848"",""GNRC"":""80.252137771493253"",""GOOG"":""13.293065129686321"",""GS"":""87.784035506640905"",""JEF"":""974.17178350395955"",""LLY"":""145.1580472108549"",""MRNA"":""141.78515191010052"",""NUE"":""347.30193887037859"",""NVDA"":""41.640638664961152"",""QXO"":""2737.6068197071008"",""RH"":""49.067268035103709"",""ROKU"":""72.545835592456001"",""SYF"":""686.65859430823207"",""THC"":""497.33803546552355"",""TRGP"":""749.53149596930075"",""WCC"":""324.02912853370378"",""YETI"":""362.84769108946824""}",653519604b2b8cd1e90cc5032fd351b8e496c40032b528ac460fc2fb688cff3c
momentum,5,2,2021-12-31,1028118.5256391183,0,0.90008996401439434,10000.341064320835,"{""AZO"":""16.347443711000327"",""BJ"":""511.73088728242459"",""BLDR"":""399.84386327504347"",""BOKF"":""324.87076994316027"",""BPOP"":""417.73058899687925"",""CACC"":""49.835123198731935"",""CHH"":""219.69752882430907"",""CHRD"":""272.01061609099116"",""CWEN-A"":""1023.6146213053757"",""EW"":""264.53583574916229"",""EXC"":""593.32786567354526"",""F"":""1650.0056582235904"",""FTNT"":""95.355084922938161"",""HD"":""82.57781142937273"",""HPQ"":""909.75889358385916"",""INTU"":""53.279776004017251"",""KLAC"":""79.678727584348124"",""LBTYK"":""1220.0291036420069"",""LOW"":""132.5851807540389"",""LPX"":""437.40418023361809"",""MSFT"":""101.89883896676967"",""NEE"":""367.08030764035965"",""NSA"":""495.24013759109789"",""ON"":""504.57328506042364"",""ONTO"":""338.54210729333175"",""PLD"":""203.55558043064843"",""SNPS"":""93.000318918056919"",""TOL"":""473.41645975002035"",""TSLA"":""32.429282841560187"",""WSC"":""839.14342608479535""}",990dd37ba2ff8d7c901543fa36d2c8290f4b8007fec42cbd8d9dbf9fc3623b0e
momentum,5,3,2022-06-30,756375.56435391074,1.3824319466948509e-10,0.99999999999999989,10000.341064320835,"{""ADM"":""324.90359293552865"",""AJG"":""154.64008103408381"",""BDX"":""102.26957697560954"",""BIDU"":""169.51871721775717"",""CF"":""294.09213591271458"",""CMS"":""373.51879721180774"",""DHR"":""99.449821756851605"",""DLTR"":""161.77426250752021"",""EA"":""207.25457305217444"",""ED"":""265.11586552888559"",""ENPH"":""129.13603161133486"",""FCN"":""139.41121820180825"",""HALO"":""573.01179117720505"",""KO"":""400.77124164357053"",""LPLA"":""136.66803345510095"",""MCD"":""102.12459013203589"",""MCK"":""77.289227221106103"",""OXY"":""428.20174612427002"",""PAG"":""240.83024942016451"",""PPC"":""807.3172850399302"",""RF"":""1344.6676699625077"",""RGA"":""214.9588098882856"",""RS"":""148.4311716224951"",""TRGP"":""422.5325760314567"",""UNM"":""741.10872462660257"",""VLO"":""237.22731286974991"",""VRTX"":""89.472723701327297"",""VST"":""1103.3925081749242"",""WAT"":""76.175354437721367"",""WMB"":""807.83463030429414""}",9c246c574b92b38880ef6c9cb6f8538624a40b1c30098cf1ece8e19bab45be2a
momentum,5,4,2022-12-30,811553.91797909746,0,0.87089759148020984,10000.341064320835,"{""ACGL"":""430.89833172937136"",""AME"":""193.61435203242152"",""AMKR"":""1128.0983013331916"",""AMP"":""86.879909002055214"",""APA"":""579.51579404391464"",""ARMK"":""654.37342201185129"",""AXON"":""163.03138230561038"",""BOKF"":""260.63972700616563"",""CAT"":""112.92284716133717"",""ED"":""283.82957995981462"",""FCX"":""711.8894017360509"",""GL"":""224.40312953936072"",""GLPI"":""519.32803351833229"",""HAL"":""687.46625834739348"",""KO"":""425.2758570345847"",""LBTYA"":""1429.0437013190667"",""LPLA"":""125.14131131040355"",""LVS"":""562.75842034470429"",""MPC"":""232.42372425440271"",""MRK"":""243.81971397899895"",""NLY"":""1283.2920904160312"",""NUE"":""205.23326959995399"",""OKE"":""411.74729476362148"",""PCG"":""1663.7021688788395"",""PDD"":""331.72038339632047"",""PFGC"":""463.2950379511891"",""TPL"":""11.539736828711318"",""TRGP"":""368.0516634825841"",""WTW"":""110.60510780100553"",""ZM"":""399.3474648061611""}",6a8d5ee7bfbe3ca3beea0970022e4e64a826f101d181c7e6491a78fc89ccb7c4
momentum,5,5,2023-06-30,805919.09142870212,5.1659299060702324e-10,0.96669887385886555,10000.341064320835,"{""AAL"":""1497.4342092692336"",""ACGL"":""358.90407099919918"",""APG"":""985.47210984189485"",""BLD"":""100.98477450676663"",""BLDR"":""197.52918907566217"",""CLH"":""163.37632861576387"",""CNM"":""857.17835718857862"",""COF"":""245.62466594395221"",""DAL"":""565.08139912263471"",""DHI"":""220.75741403804795"",""ELF"":""235.17438251151233"",""EQT"":""653.14781702625953"",""EXP"":""144.10454733553297"",""HUBB"":""81.022951243485508"",""JBL"":""248.90178554887476"",""KNSL"":""71.790405436371074"",""LEN"":""214.3800950785257"",""LRCX"":""41.788211607955162"",""MOH"":""89.177963465310228"",""OC"":""205.8541740558625"",""ONTO"":""230.65140992779303"",""PEN"":""78.079316730483214"",""PHM"":""345.82865234667935"",""PRI"":""135.84127080446024"",""SAIA"":""78.45556413156757"",""SMCI"":""107.77921650668026"",""SO"":""382.4052628368691"",""SSD"":""193.96368024758164"",""TOL"":""339.74920594776853"",""UAL"":""489.59303288299719""}",9e1fbad796d1afcdcf4acd772d637ef3993dcec074401b3bc6796ebe7c5a6452
momentum,5,6,2023-12-29,905321.59655263915,2.1100277081131935e-10,0.63356552459671989,10000.341064320835,"{""ANET"":""128.1363277642335"",""APG"":""872.17880207383314"",""BLD"":""80.63214490395616"",""BLDR"":""180.76786002009482"",""BPOP"":""367.70301634890495"",""BRBR"":""544.4233547132352"",""CNM"":""746.78016708128268"",""COF"":""230.15090414699992"",""COKE"":""32.504724851092881"",""DXCM"":""243.18951206184727"",""ELF"":""209.07154324341573"",""EXPE"":""198.81010970258009"",""GDDY"":""284.26324935714609"",""GRMN"":""234.77039483238394"",""HLT"":""165.72786287964539"",""ISRG"":""89.451584514330762"",""ITT"":""252.91138578406495"",""LEN"":""202.47843902143472"",""MOH"":""83.522145946014859"",""NBIX"":""229.03298840129503"",""NEU"":""55.287152688116493"",""PHM"":""292.3598774632303"",""PR"":""2218.925481746664"",""PSX"":""226.65905476757271"",""RCL"":""233.04800796783246"",""ROP"":""55.354085059256072"",""SSD"":""152.42643980076085"",""TOL"":""293.5829025367704"",""UBER"":""490.13133915469592"",""WING"":""117.61394711885038""}",1538911bec83e6ca25be827c82d920980615446b45098340a1f44aabd281dfb2
momentum,5,7,2024-06-28,1011932.350782995,0,0.8667821798673816,10000.341064320835,"{""ACGL"":""334.33520031155967"",""ANET"":""96.242519856862742"",""APP"":""405.32418119963052"",""CAVA"":""363.67739471087066"",""CRS"":""307.82148530236589"",""CRWD"":""88.02703191480272"",""CVNA"":""262.05001832996624"",""EME"":""92.393662647729968"",""FANG"":""168.49532124198637"",""FTAI"":""326.75654712228277"",""GMED"":""492.49639888207412"",""GRMN"":""207.04074612959278"",""HALO"":""644.21463635281236"",""HLT"":""154.58789348961162"",""HOOD"":""1485.2962729825299"",""HWM"":""434.51086383399786"",""ISRG"":""75.82573532524053"",""KEX"":""281.726203620089"",""KKR"":""320.51575788134983"",""KO"":""529.94624288190505"",""OLLI"":""343.59863868221709"",""PEG"":""457.68084612528156"",""RGA"":""164.32541705769597"",""RYAN"":""582.47415574914965"",""SFM"":""403.19242600326623"",""THC"":""253.55993655140384"",""UTHR"":""105.88943135907472"",""VRT"":""389.63934803550023"",""VST"":""392.3130769880583"",""WFC"":""567.95888801870069""}",c1d51d3edade74a759b0db38bf9602360fd183cf7f05160e327b818fa4d7e692
momentum,5,8,2024-12-31,1277850.3836842906,0,0.78080706990440951,10000.341064320835,"{""ALSN"":""394.17927808140331"",""AME"":""236.2976411265752"",""APO"":""257.90150635430155"",""APP"":""131.53510418885355"",""AXON"":""71.670165549664219"",""CCL"":""1709.2701761427143"",""COF"":""238.86839832591099"",""CORT"":""845.3068622638707"",""DAL"":""704.04979817316439"",""DOCS"":""797.8088179336288"",""DTM"":""428.39196207861249"",""EXEL"":""1279.129513197491"",""FLS"":""740.52525711885335"",""FOUR"":""410.43565994870346"",""FTNT"":""450.83629116719351"",""GRMN"":""206.51126146357242"",""HOOD"":""1143.1833813600765"",""ISRG"":""81.605894684413443"",""KO"":""684.14733038028339"",""MTB"":""226.55716605221235"",""MTSI"":""327.88093903068619"",""RCL"":""184.64178243303326"",""SLM"":""1544.4167073776812"",""SYF"":""655.30788906886835"",""UAL"":""438.67160442303242"",""UNH"":""84.203164491116993"",""UNM"":""583.25363260956385"",""UTHR"":""120.72047610666718"",""VST"":""308.95055334355874"",""WAT"":""114.8175448527513""}",01f7e8cb2573edfd8826006ab25b99d78d45d43d80a037a44f8b250666918e71
momentum,5,9,2025-06-30,1425070.112014656,0,0.80015995201439549,10000.341064320835,"{""ARMK"":""1134.519633798787"",""BPOP"":""431.01657805240188"",""BYD"":""607.21381908673413"",""CAH"":""282.75200635211434"",""CI"":""143.693923005491"",""COF"":""223.26723569822906"",""CRS"":""171.87327978564011"",""CVNA"":""140.97322254022797"",""DASH"":""192.69943234414512"",""DRS"":""1021.9952036823411"",""EQH"":""846.74397624162589"",""EXEL"":""1077.6392256614158"",""HEI"":""144.8241983754732"",""HLT"":""178.35224550257271"",""HOOD"":""507.34099185256019"",""HWM"":""255.2105360079257"",""ITT"":""302.89062722154694"",""JPM"":""163.85201292523612"",""KDP"":""1436.8523008818877"",""KO"":""671.41112462410194"",""MELI"":""18.174851477506461"",""MPC"":""285.96915939531158"",""NEM"":""815.35079071670464"",""NFLX"":""35.472535950322381"",""NRG"":""295.81726906934369"",""PLTR"":""348.46197965929588"",""PODD"":""151.19465614346939"",""RCL"":""151.69680356120332"",""VST"":""245.09745145841396"",""WELL"":""308.99848479252529""}",cf27e810720989cc6236762159fa6d6a855eb78852a32da73c18bcd808cae52c
momentum,5,10,2025-12-31,1436803.7523291847,0,0.90008996401439423,10000.341064320835,"{""AMG"":""166.13521025035678"",""AMTM"":""1651.4985658956155"",""C"":""410.43327115410784"",""CIEN"":""204.78666956417175"",""COHR"":""259.48669020411143"",""CVNA"":""113.48622911466956"",""DTM"":""400.17929822002708"",""DVN"":""1307.4927221122807"",""EXPE"":""169.04965730462337"",""FIVE"":""254.26554688348293"",""FLS"":""690.30640546227801"",""FOX"":""737.61679363888561"",""FOXA"":""655.44626263819418"",""FTI"":""1074.8083126340405"",""GM"":""588.95054612608033"",""GMED"":""548.54493655907504"",""GS"":""54.486300808842827"",""INCY"":""484.8988398397575"",""LHX"":""163.1415281226721"",""LITE"":""129.9369446023301"",""LNC"":""1075.5324143492667"",""LRCX"":""279.78419447933663"",""LVS"":""735.80363206287973"",""MU"":""167.80581763418536"",""NEM"":""479.65406520753982"",""NLY"":""2141.9256892206104"",""QSR"":""701.94135147256111"",""RDDT"":""208.35019102524402"",""VLO"":""294.20393396997497"",""WELL"":""258.0327482946654""}",0e6288dc89327b176a366fa4aa11660f0f4b9cac5d1ecaa6d14a72424ec3381b
momentum,5,11,2026-06-30,1809150.6411717474,6.3300831243395805e-10,0.8001599520143956,10000.341064320835,"{""AKAM"":""510.15160622951998"",""APA"":""1851.5511627998635"",""ARMK"":""1059.8422033812224"",""BPOP"":""367.3103993932973"",""CBOE"":""248.50628990971919"",""CIEN"":""122.93097964039373"",""COHR"":""152.87606503001888"",""DDOG"":""231.62168294819307"",""DELL"":""139.76966896674443"",""ECG"":""363.39271691709286"",""GL"":""337.50291791130257"",""GLW"":""236.09216369412971"",""HEI-A"":""233.82195871579833"",""HPE"":""1336.8437457856696"",""JAZZ"":""250.25945707926942"",""LAMR"":""386.62021651744811"",""LITE"":""70.280657963768917"",""LNT"":""790.47085296095884"",""LRCX"":""139.16650444786089"",""MKSI"":""135.57783581922561"",""MU"":""52.244255232559887"",""MUSA"":""111.91014785085744"",""NVT"":""355.55109588108922"",""PNFP"":""597.78966467477744"",""RNR"":""190.29669098261772"",""SNX"":""225.57425515220902"",""TER"":""124.63835435762144"",""VIRT"":""1012.3387841596701"",""VLO"":""231.55053514203485"",""VRT"":""180.11176564240952""}",ee90d1f6fef6e123e9048708c5374212bf3396caa2386ee62b0f4bf1c37ae2a4
momentum,5,12,2026-07-16,1677566.8563568983,6.3300831243395805e-10,0,10000.341064320835,"{""AKAM"":""510.15160622951998"",""APA"":""1851.5511627998635"",""ARMK"":""1059.8422033812224"",""BPOP"":""367.3103993932973"",""CBOE"":""248.50628990971919"",""CIEN"":""122.93097964039373"",""COHR"":""152.87606503001888"",""DDOG"":""231.62168294819307"",""DELL"":""139.76966896674443"",""ECG"":""363.39271691709286"",""GL"":""337.50291791130257"",""GLW"":""236.09216369412971"",""HEI-A"":""233.82195871579833"",""HPE"":""1336.8437457856696"",""JAZZ"":""250.25945707926942"",""LAMR"":""386.62021651744811"",""LITE"":""70.280657963768917"",""LNT"":""790.47085296095884"",""LRCX"":""139.16650444786089"",""MKSI"":""135.57783581922561"",""MU"":""52.244255232559887"",""MUSA"":""111.91014785085744"",""NVT"":""355.55109588108922"",""PNFP"":""597.78966467477744"",""RNR"":""190.29669098261772"",""SNX"":""225.57425515220902"",""TER"":""124.63835435762144"",""VIRT"":""1012.3387841596701"",""VLO"":""231.55053514203485"",""VRT"":""180.11176564240952""}",ee90d1f6fef6e123e9048708c5374212bf3396caa2386ee62b0f4bf1c37ae2a4
momentum,10,1,2021-06-30,999000.99900099868,0,0,19899.549749081965,"{""ALGN"":""54.500872831478404"",""ALLY"":""668.13870987225732"",""BJ"":""699.87459646980471"",""CELH"":""437.64007491172697"",""CHRD"":""331.17884932902342"",""CNP"":""1358.0763988594333"",""COF"":""215.26946344323036"",""CRL"":""90.019553687373772"",""CROX"":""285.78813336794803"",""DKS"":""332.36883221911671"",""DUK"":""337.31800344442166"",""EPAM"":""65.171507163052496"",""F"":""2240.9174495311781"",""GMED"":""429.51158648308143"",""GNRC"":""80.212051788590401"",""GOOG"":""13.28642523701415"",""GS"":""87.740187337057165"",""JEF"":""973.68518421150009"",""LLY"":""145.08554069376657"",""MRNA"":""141.71433015589969"",""NUE"":""347.12846137843536"",""NVDA"":""41.619839145148489"",""QXO"":""2736.2393837332215"",""RH"":""49.042758910211056"",""ROKU"":""72.509598911340888"",""SYF"":""686.31560799738872"",""THC"":""497.08961486838791"",""TRGP"":""749.1571046126727"",""WCC"":""323.86727582214849"",""YETI"":""362.66644848652646""}",1e72f5f94b1ec27f3a8a087cd73fed6593bb8d0668a79a7627b036c6005343a6
momentum,10,2,2021-12-31,1026680.4124405042,6.9849193096160889e-10,0.90017985611510809,19899.549749081965,"{""AZO"":""16.32457720876528"",""BJ"":""511.01508757180005"",""BLDR"":""399.28456906642691"",""BOKF"":""324.41634671232771"",""BPOP"":""417.14627516678991"",""CACC"":""49.765414749132518"",""CHH"":""219.39021998002082"",""CHRD"":""271.63013266674693"",""CWEN-A"":""1022.1828080849298"",""EW"":""264.16580790955959"",""EXC"":""592.49792961709568"",""F"":""1647.6976607936181"",""FTNT"":""95.221703991884951"",""HD"":""82.462303112415242"",""HPQ"":""908.48633965180375"",""INTU"":""53.205249237715627"",""KLAC"":""79.567274452310912"",""LBTYK"":""1218.322549472533"",""LOW"":""132.39972305278337"",""LPX"":""436.79234734758711"",""MSFT"":""101.75630475345935"",""NEE"":""366.56684248804038"",""NSA"":""494.547404836466"",""ON"":""503.8674972715466"",""ONTO"":""338.06856084839916"",""PLD"":""203.27085064554197"",""SNPS"":""92.870231790185741"",""TOL"":""472.75425355274825"",""TSLA"":""32.38392135987003"",""WSC"":""837.96964776404127""}",2b9735e42d279c7466d0fb9d48793d4af9bbc96bc803f071b80f86d2c86d6501
momentum,10,3,2022-06-30,754562.61972151767,0,0.99999999999999911,19899.549749081965,"{""ADM"":""324.1248366501365"",""AJG"":""154.26942666861257"",""BDX"":""102.02444864337237"",""BIDU"":""169.11240048443887"",""CF"":""293.38723112155122"",""CMS"":""372.62351591186058"",""DHR"":""99.211452051319768"",""DLTR"":""161.38650833526205"",""EA"":""206.757807842586"",""ED"":""264.48041350210929"",""ENPH"":""128.82650749872255"",""FCN"":""139.07706565690125"",""HALO"":""571.638348273877"",""KO"":""399.81063939040837"",""LPLA"":""136.34045600634536"",""MCD"":""101.87980931647193"",""MCK"":""77.103973894272372"",""OXY"":""427.17539612857655"",""PAG"":""240.25300720269931"",""PPC"":""805.38223900258049"",""RF"":""1341.444657282698"",""RGA"":""214.44357851522372"",""RS"":""148.07539929383367"",""TRGP"":""421.51981437993277"",""UNM"":""739.33237284099312"",""VLO"":""236.65870647394232"",""VRTX"":""89.258267944393296"",""VST"":""1100.7478041159995"",""WAT"":""75.992770934952532"",""WMB"":""805.89834425025845""}",90a0cb41e77f5cd3ff9909c866b99078b6a2f9c6e3545bf5006cebd4d5dd4dfb
momentum,10,4,2022-12-30,808903.98010170029,3.637978807091713e-11,0.87095557205439889,19899.549749081965,"{""ACGL"":""429.49133487400462"",""AME"":""192.98215003857723"",""AMKR"":""1124.4147624432865"",""AMP"":""86.596223153772073"",""APA"":""577.62352192352205"",""ARMK"":""652.2367199658928"",""AXON"":""162.4990417850299"",""BOKF"":""259.7886694613162"",""CAT"":""112.55412424190186"",""ED"":""282.90280142052262"",""FCX"":""709.56489482605286"",""GL"":""223.67039405549573"",""GLPI"":""517.63229033192567"",""HAL"":""685.22149945082617"",""KO"":""423.88721904401842"",""LBTYA"":""1424.3774962171162"",""LPLA"":""124.73269187856785"",""LVS"":""560.92086547514066"",""MPC"":""231.66479941051645"",""MRK"":""243.02357821892753"",""NLY"":""1279.101802817363"",""NUE"":""204.56312877164109"",""OKE"":""410.40283110182662"",""PCG"":""1658.2697419059045"",""PDD"":""330.63722873562244"",""PFGC"":""461.78225729388612"",""TPL"":""11.502056540266958"",""TRGP"":""366.84987759714301"",""WTW"":""110.24395291270754"",""ZM"":""398.04348986403915""}",eb777bbaf6003d37bacaf65cd2cb304aef97856c69f9f81fceafc45a454cc3a2
momentum,10,5,2023-06-30,802511.37742761022,1.2369127944111824e-10,0.9667310510190491,19899.549749081965,"{""AAL"":""1491.1025221620403"",""ACGL"":""357.38649629374754"",""APG"":""981.30518149622162"",""BLD"":""100.55777478229834"",""BLDR"":""196.69396505578678"",""CLH"":""162.68551509813904"",""CNM"":""853.55390068880035"",""COF"":""244.58607705574656"",""DAL"":""562.69203297406398"",""DHI"":""219.82397277990799"",""ELF"":""234.17998115720042"",""EQT"":""650.38607458271338"",""EXP"":""143.49522179802062"",""HUBB"":""80.680357243295347"",""JBL"":""247.84933982754563"",""KNSL"":""71.486849940104236"",""LEN"":""213.47361940457267"",""LRCX"":""41.611516111730396"",""MOH"":""88.800887158368752"",""OC"":""204.98374902365521"",""ONTO"":""229.67613331833951"",""PEN"":""77.74916946924084"",""PHM"":""344.36636518520856"",""PRI"":""135.26688535389869"",""SAIA"":""78.123825961820629"",""SMCI"":""107.32348745270613"",""SO"":""380.78831669162992"",""SSD"":""193.14353247355237"",""TOL"":""338.31262485882138"",""UAL"":""487.52285853083663""}",74bfd1d9815d31e7c5957c42eaae20c4b2e28766e919d6194a144a73171bb86c
momentum,10,6,2023-12-29,900922.49396994326,0,0.63379765395894394,19899.549749081965,"{""ANET"":""127.51369283256813"",""APG"":""867.94074563578363"",""BLD"":""80.240340402389023"",""BLDR"":""179.88948004671209"",""BPOP"":""365.9162885219705"",""BRBR"":""541.77791446866524"",""CNM"":""743.1514426874071"",""COF"":""229.03256405581234"",""COKE"":""32.346779188925161"",""DXCM"":""242.00781528727629"",""ELF"":""208.0556311417356"",""EXPE"":""197.84405954936503"",""GDDY"":""282.88196871701314"",""GRMN"":""233.62960789636003"",""HLT"":""164.92256466032245"",""ISRG"":""89.016924943674752"",""ITT"":""251.68244886857289"",""LEN"":""201.49456386874743"",""MOH"":""83.116298466685436"",""NBIX"":""227.92008044169793"",""NEU"":""55.01850356154501"",""PHM"":""290.93925401083237"",""PR"":""2208.1433675733911"",""PSX"":""225.55768213157668"",""RCL"":""231.91559038534339"",""ROP"":""55.085110697577122"",""SSD"":""151.68577532578098"",""TOL"":""292.15633620972972"",""UBER"":""487.74971250606006"",""WING"":""117.04244211940862""}",98e6cc628ff0c0d32e204489cf5f9c31b1517e51a14fe40c785d30975919ac71
momentum,10,7,2024-06-28,1006142.6662353632,5.9662852436304092e-10,0.86689760842049168,19899.549749081965,"{""ACGL"":""332.42233000804924"",""ANET"":""95.691876496553547"",""APP"":""403.00515350290902"",""CAVA"":""361.59664554730017"",""CRS"":""306.06031095557665"",""CRWD"":""87.523392767327152"",""CVNA"":""260.55072152355569"",""EME"":""91.865040195332782"",""FANG"":""167.53128964739543"",""FTAI"":""324.88703743594004"",""GMED"":""489.67862278452463"",""GRMN"":""205.85618017746191"",""HALO"":""640.52881731306513"",""HLT"":""153.70343205550913"",""HOOD"":""1476.7982771691804"",""HWM"":""432.02484702450204"",""ISRG"":""75.391904854472486"",""KEX"":""280.11433119946622"",""KKR"":""318.68195433781921"",""KO"":""526.91420069932587"",""OLLI"":""341.63276840696841"",""PEG"":""455.06226424032684"",""RGA"":""163.38524321387484"",""RYAN"":""579.1415795978603"",""SFM"":""400.88559496189447"",""THC"":""252.10921502301804"",""UTHR"":""105.28359401824545"",""VRT"":""387.41005977257817"",""VST"":""390.06849121321341"",""WFC"":""564.70935973248174""}",b9c32d025436888e6c4baf2b9e526beb50abe0f2a354dbc24eb41947dc2d992b
momentum,10,8,2024-12-31,1269547.6742888286,0,0.78091104923443044,19899.549749081965,"{""ALSN"":""391.61813630971335"",""AME"":""234.76232003565755"",""APO"":""256.22581623654412"",""APP"":""130.68046755898968"",""AXON"":""71.20449557414797"",""CCL"":""1698.1643583317666"",""COF"":""237.31637398849051"",""CORT"":""839.81456260423943"",""DAL"":""699.47530263847318"",""DOCS"":""792.62513222752625"",""DTM"":""425.60852669845747"",""EXEL"":""1270.8184927816105"",""FLS"":""735.71376581411027"",""FOUR"":""407.76889390660654"",""FTNT"":""447.90702592747272"",""GRMN"":""205.1694744964008"",""HOOD"":""1135.7556577999901"",""ISRG"":""81.075668268885778"",""KO"":""679.70214920699686"",""MTB"":""225.08513275691521"",""MTSI"":""325.75056431088927"",""RCL"":""183.44209029272022"",""SLM"":""1534.382009051038"",""SYF"":""651.05008937888658"",""UAL"":""435.8213780600168"",""UNH"":""83.656062565981941"",""UNM"":""579.46399848867077"",""UTHR"":""119.93610647780191"",""VST"":""306.943176975612"",""WAT"":""114.07152894934353""}",285748d1ea8ae699c4d1d9d568721d7c248833c08ef2fb5452b7de9b6f76e272
momentum,10,9,2025-06-30,1414678.3208879891,0,0.80031980811513082,19899.549749081965,"{""ARMK"":""1126.2465734320431"",""BPOP"":""427.8735507630854"",""BYD"":""602.78593927648774"",""CAH"":""280.6901430333312"",""CI"":""142.6460887821394"",""COF"":""221.6391428351177"",""CRS"":""170.61995813589854"",""CVNA"":""139.94522800807113"",""DASH"":""191.2942437613064"",""DRS"":""1014.542685662643"",""EQH"":""840.56941229232871"",""EXEL"":""1069.7809444101551"",""HEI"":""143.76812204146231"",""HLT"":""177.05167841705955"",""HOOD"":""503.64139730427905"",""HWM"":""253.34950856712857"",""ITT"":""300.68191053752236"",""JPM"":""162.65718336587091"",""KDP"":""1426.3745925468734"",""KO"":""666.51510995900549"",""MELI"":""18.042318166534528"",""MPC"":""283.88383619047397"",""NEM"":""809.40514983864819"",""NFLX"":""35.213865740891201"",""NRG"":""293.66013220575189"",""PLTR"":""345.92095092135889"",""PODD"":""150.09212562734623"",""RCL"":""150.5906113227299"",""VST"":""243.31016990660771"",""WELL"":""306.74522884017188""}",e50f2291c85a905fb37fef0fa0fc62ae472d2cf3dffb970d0201d740b8ec625e
momentum,10,10,2025-12-31,1425043.0887375893,2.4738255888223648e-10,0.90017985611510776,19899.549749081965,"{""AMG"":""164.77534442643602"",""AMTM"":""1637.9805617673437"",""C"":""407.07375346004773"",""CIEN"":""203.11043011610283"",""COHR"":""257.36271491170271"",""CVNA"":""112.5573107702312"",""DTM"":""396.90371232664575"",""DVN"":""1296.7905075417134"",""EXPE"":""167.66593586972917"",""FIVE"":""252.18430819310345"",""FLS"":""684.65604340232017"",""FOX"":""731.57918206149645"",""FOXA"":""650.08124115578175"",""FTI"":""1066.0106887624095"",""GM"":""584.12981174683932"",""GMED"":""544.05493404252627"",""GS"":""54.040314324519876"",""INCY"":""480.92979944571198"",""LHX"":""161.80616647223138"",""LITE"":""128.87337228696649"",""LNC"":""1066.7288634909717"",""LRCX"":""277.49407811223841"",""LVS"":""729.78086174916223"",""MU"":""166.43227739481085"",""NEM"":""475.7279548447969"",""NLY"":""2124.3933940631919"",""QSR"":""696.19575393892671"",""RDDT"":""206.64478310024347"",""VLO"":""291.79578777107298"",""WELL"":""255.92067394673222""}",3a8a8b0d7cca73b7652fe53ddbeb5144bb403b87cae3ca5f29b8ebbcf029e47f
momentum,10,11,2026-06-30,1792906.8775237929,0,0.8003198081151307,19899.549749081965,"{""AKAM"":""505.57112413608371"",""APA"":""1834.9266989292739"",""ARMK"":""1050.3262317069675"",""BPOP"":""364.01244112636408"",""CBOE"":""246.27503434345596"",""CIEN"":""121.82722314115797"",""COHR"":""151.50344153960111"",""DDOG"":""229.54202866848385"",""DELL"":""138.51472346017351"",""ECG"":""360.129934221913"",""GL"":""334.47259113569766"",""GLW"":""233.97237045032477"",""HEI-A"":""231.72254888963766"",""HPE"":""1324.8406691227324"",""JAZZ"":""248.01246040638443"",""LAMR"":""383.14888180617038"",""LITE"":""69.649631242717831"",""LNT"":""783.37347731192096"",""LRCX"":""137.91697455548072"",""MKSI"":""134.36052739237061"",""MU"":""51.775171390314796"",""MUSA"":""110.90534374547934"",""NVT"":""352.35872050071606"",""PNFP"":""592.42230951751048"",""RNR"":""188.58808010137727"",""SNX"":""223.54889872120319"",""TER"":""123.51926790700739"",""VIRT"":""1003.2493299332962"",""VLO"":""229.47151967488273"",""VRT"":""178.49460182822295""}",d2a40f7333f136b0ac25e8fac9123efb2a1db1738d449b7ea60a29f95ee9536f
momentum,10,12,2026-07-16,1662504.5398763567,0,0,19899.549749081965,"{""AKAM"":""505.57112413608371"",""APA"":""1834.9266989292739"",""ARMK"":""1050.3262317069675"",""BPOP"":""364.01244112636408"",""CBOE"":""246.27503434345596"",""CIEN"":""121.82722314115797"",""COHR"":""151.50344153960111"",""DDOG"":""229.54202866848385"",""DELL"":""138.51472346017351"",""ECG"":""360.129934221913"",""GL"":""334.47259113569766"",""GLW"":""233.97237045032477"",""HEI-A"":""231.72254888963766"",""HPE"":""1324.8406691227324"",""JAZZ"":""248.01246040638443"",""LAMR"":""383.14888180617038"",""LITE"":""69.649631242717831"",""LNT"":""783.37347731192096"",""LRCX"":""137.91697455548072"",""MKSI"":""134.36052739237061"",""MU"":""51.775171390314796"",""MUSA"":""110.90534374547934"",""NVT"":""352.35872050071606"",""PNFP"":""592.42230951751048"",""RNR"":""188.58808010137727"",""SNX"":""223.54889872120319"",""TER"":""123.51926790700739"",""VIRT"":""1003.2493299332962"",""VLO"":""229.47151967488273"",""VRT"":""178.49460182822295""}",d2a40f7333f136b0ac25e8fac9123efb2a1db1738d449b7ea60a29f95ee9536f
momentum,20,1,2021-06-30,998003.99201596773,0,0,39398.466395244744,"{""ALGN"":""54.446480742824235"",""ALLY"":""667.47190477258437"",""BJ"":""699.17611882861718"",""CELH"":""437.20330836989888"",""CHRD"":""330.84833151532177"",""CNP"":""1356.7210331919089"",""COF"":""215.05462365935489"",""CRL"":""89.929713813434262"",""CROX"":""285.50291566997601"",""DKS"":""332.03712679774037"",""DUK"":""336.98135873040525"",""EPAM"":""65.106465738738081"",""F"":""2238.6810049707678"",""GMED"":""429.08293220515418"",""GNRC"":""80.131999840697603"",""GOOG"":""13.273165331587988"",""GS"":""87.65262227983456"",""JEF"":""972.71344251069013"",""LLY"":""144.9407447449704"",""MRNA"":""141.57289868867821"",""NUE"":""346.78202578823732"",""NVDA"":""41.578302379534563"",""QXO"":""2733.5086059051441"",""RH"":""48.993814041039187"",""ROKU"":""72.437234042167901"",""SYF"":""685.63066228082448"",""THC"":""496.59351744835959"",""TRGP"":""748.40944283162219"",""WCC"":""323.54405498799463"",""YETI"":""362.30450592316663""}",631ca0656ba7c83e246ceef2de97468cd40350d10f3d6f1871ea32e99080f9b6
momentum,20,2,2021-12-31,1023810.7049777058,0,0.90035942492012777,39398.466395244744,"{""AZO"":""16.278947857629959"",""BJ"":""509.58673285436561"",""BLDR"":""398.168515917126"",""BOKF"":""323.50956014083675"",""BPOP"":""415.98029618791884"",""CACC"":""49.626313836750917"",""CHH"":""218.77699531544883"",""CHRD"":""270.87089054097044"",""CWEN-A"":""1019.3256720208145"",""EW"":""263.42742955813867"",""EXC"":""590.84181958547208"",""F"":""1643.0921280335515"",""FTNT"":""94.955546742506584"",""HD"":""82.231810075074975"",""HPQ"":""905.94700024573569"",""INTU"":""53.056533533249691"",""KLAC"":""79.344873402750139"",""LBTYK"":""1214.9171769048369"",""LOW"":""132.02964832581577"",""LPX"":""435.57145500008767"",""MSFT"":""101.47188243118717"",""NEE"":""365.54223970926375"",""NSA"":""493.16507946902982"",""ON"":""502.45912101379366"",""ONTO"":""337.12361453380288"",""PLD"":""202.70268174897163"",""SNPS"":""92.610647216436547"",""TOL"":""471.43284292384124"",""TSLA"":""32.293404019054925"",""WSC"":""835.62741183292746""}",1f581a7d3de5ae2e79def4b7e8617499146d933fcc1f8bbd5b3b5d04c2a9b48f
momentum,20,3,2022-06-30,750950.11082370707,4.8748916015028954e-10,0.99999999999999967,39398.466395244744,"{""ADM"":""322.57307165966779"",""AJG"":""153.53085353772215"",""BDX"":""101.53600113896978"",""BIDU"":""168.30276582256587"",""CF"":""291.98262406147461"",""CMS"":""370.83956090059587"",""DHR"":""98.736471918547721"",""DLTR"":""160.61386179525326"",""EA"":""205.76794377961545"",""ED"":""263.21419937739455"",""ENPH"":""128.20974370410889"",""FCN"":""138.41122676687985"",""HALO"":""568.9015991088686"",""KO"":""397.89652457145479"",""LPLA"":""135.68771878138671"",""MCD"":""101.39205428058256"",""MCK"":""76.734834495540369"",""OXY"":""425.13027107320346"",""PAG"":""239.10278308138524"",""PPC"":""801.52642845950106"",""RF"":""1335.0224192421451"",""RGA"":""213.41691841410366"",""RS"":""147.36648040027208"",""TRGP"":""419.50176572465591"",""UNM"":""735.79277956467422"",""VLO"":""235.52569025959934"",""VRTX"":""88.830939212854318"",""VST"":""1095.4779151330511"",""WAT"":""75.62895147981817"",""WMB"":""802.0400628257039""}",401cb483b86b1cc76c1bcb66dfa8dc029cca72d798ecbc0621ff09e40369df63
momentum,20,4,2022-12-30,803630.40311387274,0,0.87107138271413076,39398.466395244744,"{""ACGL"":""426.69130461605221"",""AME"":""191.72402021039051"",""AMKR"":""1117.0842411924837"",""AMP"":""86.031666839437833"",""APA"":""573.85775715072316"",""ARMK"":""647.98452113681071"",""AXON"":""161.43964384858529"",""BOKF"":""258.0950005183135"",""CAT"":""111.82033771829921"",""ED"":""281.05844196617102"",""FCX"":""704.93895009988842"",""GL"":""222.21219497134601"",""GLPI"":""514.25763301585255"",""HAL"":""680.7542593086597"",""KO"":""421.12372431686464"",""LBTYA"":""1415.0913948122429"",""LPLA"":""123.91950827494917"",""LVS"":""557.26399217382482"",""MPC"":""230.15448151727605"",""MRK"":""241.43920778545072"",""NLY"":""1270.7628132730438"",""NUE"":""203.22949779072724"",""OKE"":""407.72724663311658"",""PCG"":""1647.4588009714487"",""PDD"":""328.48166896132142"",""PFGC"":""458.77170926178729"",""TPL"":""11.427069913701198"",""TRGP"":""364.45823270470419"",""WTW"":""109.52522734400097"",""ZM"":""395.44848101263227""}",721d1aa4af15d77ab2986e1956483449dfec92787789978833fb9772720fd99d
momentum,20,5,2023-06-30,795739.40130906948,0,0.96679531541123231,39398.466395244744,"{""AAL"":""1478.5198835174094"",""ACGL"":""354.37069753242923"",""APG"":""973.02445745789896"",""BLD"":""99.709220022187537"",""BLDR"":""195.03416698751712"",""CLH"":""161.31269665086862"",""CNM"":""846.35120326427341"",""COF"":""242.52214236355789"",""DAL"":""557.943767570516"",""DHI"":""217.96899260664253"",""ELF"":""232.20385809596715"",""EQT"":""644.89780477272859"",""EXP"":""142.28434025481349"",""HUBB"":""79.999537671318393"",""JBL"":""245.75786815808698"",""KNSL"":""70.883609594608046"",""LEN"":""211.67222656054847"",""LRCX"":""41.26037816990064"",""MOH"":""88.051542658021262"",""OC"":""203.25399778009447"",""ONTO"":""227.73801588651438"",""PEN"":""77.093084666344026"",""PHM"":""341.46043653839246"",""PRI"":""134.12543846228928"",""SAIA"":""77.464579627646174"",""SMCI"":""106.4178403622962"",""SO"":""377.5750421395349"",""SSD"":""191.51369465922258"",""TOL"":""335.45778057799834"",""UAL"":""483.40890669403888""}",27cca82fd6588d16d863d87e371119b38c4f84620aad97273db375eba9af1858
momentum,20,6,2023-12-29,892188.00995667267,0,0.63426172707888695,39398.466395244744,"{""ANET"":""126.27744185762572"",""APG"":""859.5260211528738"",""BLD"":""79.462406700928327"",""BLDR"":""178.14544346405555"",""BPOP"":""362.36871368209376"",""BRBR"":""536.52535327240548"",""CNM"":""735.94655609723918"",""COF"":""226.81208306810123"",""COKE"":""32.033175712935623"",""DXCM"":""239.66153865653504"",""ELF"":""206.03852246009029"",""EXPE"":""195.92595251261238"",""GDDY"":""280.13941533430136"",""GRMN"":""231.36455836229527"",""HLT"":""163.32363299406575"",""ISRG"":""88.153901861185176"",""ITT"":""249.24237623105461"",""LEN"":""199.54106502878042"",""MOH"":""82.310482222715763"",""NBIX"":""225.71038503255491"",""NEU"":""54.485096700235296"",""PHM"":""288.11858488557868"",""PR"":""2186.7353185212819"",""PSX"":""223.37089028007688"",""RCL"":""229.66715832797459"",""ROP"":""54.551058077094183"",""SSD"":""150.2151749262018"",""TOL"":""289.32386741793397"",""UBER"":""483.02095715266256"",""WING"":""115.90771039005021""}",ea25883dea1226ebc1f0b37cb4fdddeb550b803463dc5989aade9203cfa312bb
momentum,20,7,2024-06-28,994661.79833913117,2.3283064365386963e-10,0.86712821195579814,39398.466395244744,"{""ACGL"":""328.62913349163478"",""ANET"":""94.599957994667392"",""APP"":""398.40655224670792"",""CAVA"":""357.47054747138577"",""CRS"":""302.56792551534068"",""CRWD"":""86.524682997914951"",""CVNA"":""257.57763578287006"",""EME"":""90.816788862635676"",""FANG"":""165.61962774349882"",""FTAI"":""321.17982444997608"",""GMED"":""484.09101004483915"",""GRMN"":""203.50720155886958"",""HALO"":""633.21988689784246"",""HLT"":""151.94955672763993"",""HOOD"":""1459.9468638472492"",""HWM"":""427.09510856590276"",""ISRG"":""74.53162476783416"",""KEX"":""276.91800950447697"",""KKR"":""315.04554616088018"",""KO"":""520.90170114644195"",""OLLI"":""337.7344736474588"",""PEG"":""449.86965099010894"",""RGA"":""161.52089091426427"",""RYAN"":""572.53312515923039"",""SFM"":""396.31117951196546"",""THC"":""249.23245341630482"",""UTHR"":""104.08222658286306"",""VRT"":""382.98941062690346"",""VST"":""385.61750730368726"",""WFC"":""558.26558811198902""}",be8c28459b5d121b264923b02a4408bdc59ccbadf9c3922ea651ecf07150c38a
momentum,20,8,2024-12-31,1253102.7392335676,0,0.78111877947496244,39398.466395244744,"{""ALSN"":""386.54535728100694"",""AME"":""231.7213541983003"",""APO"":""252.90682554968279"",""APP"":""128.98771363921077"",""AXON"":""70.282156595412587"",""CCL"":""1676.1673879528735"",""COF"":""234.24232451651869"",""CORT"":""828.9361243855052"",""DAL"":""690.41473236009267"",""DOCS"":""782.3579566919949"",""DTM"":""420.09545718380377"",""EXEL"":""1254.3570963298982"",""FLS"":""726.1837849058694"",""FOUR"":""402.48690795707853"",""FTNT"":""442.10511545073672"",""GRMN"":""202.51183606993897"",""HOOD"":""1121.043781744112"",""ISRG"":""80.025464226733092"",""KO"":""670.89770812376503"",""MTB"":""222.16951921592261"",""MTSI"":""321.5309930550813"",""RCL"":""181.06589495767312"",""SLM"":""1514.506573886353"",""SYF"":""642.61678935054783"",""UAL"":""430.17601758790539"",""UNH"":""82.572433692692854"",""UNM"":""571.95798038868418"",""UTHR"":""118.38252836352345"",""VST"":""302.96722497849862"",""WAT"":""112.59391694372988""}",20cee7750bb38a3733a62acad4e43dbd50029f5a9ecf1c2aaf8aa39ba8b79a11
momentum,20,9,2025-06-30,1394119.7317731902,0,0.80063923292049521,39398.466395244744,"{""ARMK"":""1109.8795731018167"",""BPOP"":""421.6555460100995"",""BYD"":""594.02604788154235"",""CAH"":""276.61105789150633"",""CI"":""140.57310704148182"",""COF"":""218.41820702092997"",""CRS"":""168.14045056000094"",""CVNA"":""137.91149609975386"",""DASH"":""188.51429039703484"",""DRS"":""999.79900442713131"",""EQH"":""828.3539701563825"",""EXEL"":""1054.2345219095523"",""HEI"":""141.67883452979592"",""HLT"":""174.47870288268027"",""HOOD"":""496.32230829619846"",""HWM"":""249.66774687462021"",""ITT"":""296.31229819405127"",""JPM"":""160.29339355583821"",""KDP"":""1405.6460292127363"",""KO"":""656.82908446322347"",""MELI"":""17.780121029286111"",""MPC"":""279.75833920759169"",""NEM"":""797.6425974214394"",""NFLX"":""34.702125802403842"",""NRG"":""289.39256274612688"",""PLTR"":""340.89390937333525"",""PODD"":""147.91093553304813"",""RCL"":""148.40217706384703"",""VST"":""239.77430331651132"",""WELL"":""302.28750228173737""}",1d7801413b9179ffd2c1cada3cf21ee07584919b33cc886bd591acd643c1817c
momentum,20,10,2025-12-31,1401807.5860281142,0,0.90035942492012755,39398.466395244744,"{""AMG"":""162.0886621835385"",""AMTM"":""1611.2730873886371"",""C"":""400.43636587771425"",""CIEN"":""199.79868958938931"",""COHR"":""253.16638421341756"",""CVNA"":""110.72204998405402"",""DTM"":""390.43214851496049"",""DVN"":""1275.646178931763"",""EXPE"":""164.93212217807516"",""FIVE"":""248.07241205282691"",""FLS"":""673.49264246570306"",""FOX"":""719.65069358186463"",""FOXA"":""639.48158661927573"",""FTI"":""1048.6292534620843"",""GM"":""574.60550337273094"",""GMED"":""535.1840514748651"",""GS"":""53.159180357531831"",""INCY"":""473.08817995616562"",""LHX"":""159.16789704080961"",""LITE"":""126.77207611240262"",""LNC"":""1049.3357182634286"",""LRCX"":""272.96950306268531"",""LVS"":""717.88169510324894"",""MU"":""163.71857865621553"",""NEM"":""467.971152070811"",""NLY"":""2089.7548986704151"",""QSR"":""684.84419660370031"",""RDDT"":""203.27541451372721"",""VLO"":""287.03802158775392"",""WELL"":""251.74785590361765""}",9dfc5d97b723c1908d340b784715ab31f276a4d43fb766aa96b1b2383b139d8d
momentum,20,11,2026-06-30,1760851.9941060294,0,0.8006392329204951,39398.466395244744,"{""AKAM"":""496.5321586177235"",""APA"":""1802.1205548112093"",""ARMK"":""1031.5477411283146"",""BPOP"":""357.50436393105792"",""CBOE"":""241.87195149874765"",""CIEN"":""119.64910810135578"",""COHR"":""148.79475364463985"",""DDOG"":""225.43811057843405"",""DELL"":""136.03825724331594"",""ECG"":""353.69127128774386"",""GL"":""328.49264870271486"",""GLW"":""229.78924351172958"",""HEI-A"":""227.57964588500286"",""HPE"":""1301.154211265819"",""JAZZ"":""243.57831460431211"",""LAMR"":""376.29866951020063"",""LITE"":""68.404384856771202"",""LNT"":""769.36776078386538"",""LRCX"":""135.45119532504347"",""MKSI"":""131.95833289163915"",""MU"":""50.849497500802308"",""MUSA"":""108.92249794978584"",""NVT"":""346.05899693532859"",""PNFP"":""581.83055581087524"",""RNR"":""185.21636626759576"",""SNX"":""219.55213013466408"",""TER"":""121.31090126943018"",""VIRT"":""985.31251418836814"",""VLO"":""225.36886219551948"",""VRT"":""175.30334648526926""}",635ac4b4d6cd9a2242fe745417fd22a2436dc97c4d1015e39ac987c48f7ab274
momentum,20,12,2026-07-16,1632781.0835857322,0,0,39398.466395244744,"{""AKAM"":""496.5321586177235"",""APA"":""1802.1205548112093"",""ARMK"":""1031.5477411283146"",""BPOP"":""357.50436393105792"",""CBOE"":""241.87195149874765"",""CIEN"":""119.64910810135578"",""COHR"":""148.79475364463985"",""DDOG"":""225.43811057843405"",""DELL"":""136.03825724331594"",""ECG"":""353.69127128774386"",""GL"":""328.49264870271486"",""GLW"":""229.78924351172958"",""HEI-A"":""227.57964588500286"",""HPE"":""1301.154211265819"",""JAZZ"":""243.57831460431211"",""LAMR"":""376.29866951020063"",""LITE"":""68.404384856771202"",""LNT"":""769.36776078386538"",""LRCX"":""135.45119532504347"",""MKSI"":""131.95833289163915"",""MU"":""50.849497500802308"",""MUSA"":""108.92249794978584"",""NVT"":""346.05899693532859"",""PNFP"":""581.83055581087524"",""RNR"":""185.21636626759576"",""SNX"":""219.55213013466408"",""TER"":""121.31090126943018"",""VIRT"":""985.31251418836814"",""VLO"":""225.36886219551948"",""VRT"":""175.30334648526926""}",635ac4b4d6cd9a2242fe745417fd22a2436dc97c4d1015e39ac987c48f7ab274
